﻿<?xml version="1.0" encoding="utf-8"?>
<deployment>
  <id>0a682656-a1d4-4e84-a433-4a6f67d09678</id>
  <author>N/A</author>
  <deployer>OneDeploy</deployer>
  <authorEmail>N/A</authorEmail>
  <message>OneDeploy</message>
  <progress></progress>
  <status>Success</status>
  <statusText></statusText>
  <lastSuccessEndTime>2025-12-24T05:10:36.3753483Z</lastSuccessEndTime>
  <receivedTime>2025-12-24T05:09:28.1285793Z</receivedTime>
  <startTime>2025-12-24T05:09:29.9665732Z</startTime>
  <endTime>2025-12-24T05:10:36.3753483Z</endTime>
  <complete>True</complete>
  <is_temp>False</is_temp>
  <is_readonly>True</is_readonly>
  <buildSummary />
</deployment>