﻿<?xml version="1.0" encoding="utf-8"?>
<deployment>
  <id>a332b465-8766-4f26-b67c-5a1af9b56972</id>
  <author>N/A</author>
  <deployer>OneDeploy</deployer>
  <authorEmail>N/A</authorEmail>
  <message>OneDeploy</message>
  <progress></progress>
  <status>Success</status>
  <statusText></statusText>
  <lastSuccessEndTime>2025-12-25T02:03:39.6849025Z</lastSuccessEndTime>
  <receivedTime>2025-12-25T02:02:19.8390678Z</receivedTime>
  <startTime>2025-12-25T02:02:21.7594817Z</startTime>
  <endTime>2025-12-25T02:03:39.6849025Z</endTime>
  <complete>True</complete>
  <is_temp>False</is_temp>
  <is_readonly>True</is_readonly>
  <buildSummary />
</deployment>