﻿<?xml version="1.0" encoding="utf-8"?>
<deployment>
  <id>a9a3105c-11a1-4fb8-9424-2039cf9a8993</id>
  <author>N/A</author>
  <deployer>OneDeploy</deployer>
  <authorEmail>N/A</authorEmail>
  <message>OneDeploy</message>
  <progress></progress>
  <status>Success</status>
  <statusText></statusText>
  <lastSuccessEndTime>2025-12-23T09:10:23.7364255Z</lastSuccessEndTime>
  <receivedTime>2025-12-23T09:09:16.0766543Z</receivedTime>
  <startTime>2025-12-23T09:09:17.5523745Z</startTime>
  <endTime>2025-12-23T09:10:23.7364255Z</endTime>
  <complete>True</complete>
  <is_temp>False</is_temp>
  <is_readonly>True</is_readonly>
  <buildSummary />
</deployment>