<step title="Incoming Request" date="2025-12-19T06:18:18.651" instance="93ba60" url="/api/deployments/latest?deployer=OneDeploy&amp;time=2025-12-19_06-17-47Z" method="GET" type="request" pid="833,1,59" Host="svs-stock-api.scm.azurewebsites.net" User-Agent="GITHUBACTIONS_DeployWebAppToAzure_9c77270b4dc11c65de193eb13ad2e59e3b6f8f2f23b9c7b3dc72a9e29892decc" Authorization="Bea..." Content-Type="application/json; charset=utf-8" Cookie="ARRAffinity=93ba60693efd27c98d25ac695a6ef440c44ba4652104de2a3ed78f5e62ba7f13;Path=/;HttpOnly;Secure;Domain=svs-stock-api.scm.azurewebsites.net; ARRAffinitySameSite=93ba60693efd27c98d25ac695a6ef440c44ba4652104de2a3ed78f5e62ba7f13;Path=/;HttpOnly;SameSite=None;Secure;Domain=svs-stock-api.scm.azurewebsites.net" Content-Length="0" X-ARR-LOG-ID="67e26eed-683f-446a-bee4-a956e62f96d7" CLIENT-IP="172.215.216.225:63424" X-SITE-DEPLOYMENT-ID="svs-stock-api" WAS-DEFAULT-HOSTNAME="svs-stock-api.scm.azurewebsites.net" X-Forwarded-Proto="https" X-AppService-Proto="https" X-Forwarded-TlsVersion="1.3" X-WAWS-Unencoded-URL="/api/deployments/latest?deployer=OneDeploy&amp;time=2025-12-19_06-17-47Z" X-Client-IP="172.215.216.225" X-Client-Port="63424" >
  <step title="Cleanup Xml Logs" date="2025-12-19T06:18:18.662" >
    <step title="Cleanup Infos" date="2025-12-19T06:18:18.714" totalFiles="458" totalCleanup="298" /><!-- duration: 19ms -->
  </step><!-- duration: 103ms -->
  <step title="DeploymentService.GetResult" date="2025-12-19T06:18:18.790" >
    <step title="DeploymentService.GetLatestDeployment" date="2025-12-19T06:18:18.799" >
      <step title="DeploymentManager.GetResults" date="2025-12-19T06:18:18.808" /><!-- duration: 1737ms -->
    </step><!-- duration: 1798ms -->
  </step><!-- duration: 1841ms -->
  <step title="Outgoing response" date="2025-12-19T06:18:20.670" type="response" statusCode="202" statusText="Accepted" /><!-- duration: 21ms -->
</step><!-- duration: 2079ms -->
