<step title="Incoming Request" date="2025-12-19T05:46:21.595" instance="93ba60" url="/api/publish?async=true&amp;deployer=GITHUB_ONE_DEPLOY&amp;type=zip&amp;message=%7B%22type%22%3A%22deployment%22%2C%22sha%22%3A%22ad995d8a159361328076568f002b5ef638faa1ff%22%2C%22repoName%22%3A%22autthapolsaiyat%2FStock-Management-System%22%2C%22actor%22%3A%22autthapolsaiyat%22%2C%22slotName%22%3A%22production%22%2C%22commitMessage%22%3A%22%22%7D" method="POST" type="request" pid="833,1,72" Host="svs-stock-api.scm.azurewebsites.net" User-Agent="GITHUBACTIONS_DeployWebAppToAzure_9c77270b4dc11c65de193eb13ad2e59e3b6f8f2f23b9c7b3dc72a9e29892decc" Authorization="Bea..." Content-Type="application/octet-stream" Cookie="ARRAffinity=93ba60693efd27c98d25ac695a6ef440c44ba4652104de2a3ed78f5e62ba7f13;Path=/;HttpOnly;Secure;Domain=svs-stock-api.scm.azurewebsites.net; ARRAffinitySameSite=93ba60693efd27c98d25ac695a6ef440c44ba4652104de2a3ed78f5e62ba7f13;Path=/;HttpOnly;SameSite=None;Secure;Domain=svs-stock-api.scm.azurewebsites.net" Transfer-Encoding="chunked" X-ARR-LOG-ID="4bb36597-9b8e-493c-a0d9-c27d377962f9" CLIENT-IP="128.24.163.33:12296" X-SITE-DEPLOYMENT-ID="svs-stock-api" WAS-DEFAULT-HOSTNAME="svs-stock-api.scm.azurewebsites.net" X-Forwarded-Proto="https" X-AppService-Proto="https" X-Forwarded-TlsVersion="1.3" X-WAWS-Unencoded-URL="/api/publish?async=true&amp;deployer=GITHUB_ONE_DEPLOY&amp;type=zip&amp;message=%7B%22type%22%3A%22deployment%22%2C%22sha%22%3A%22ad995d8a159361328076568f002b5ef638faa1ff%22%2C%22repoName%22%3A%22autthapolsaiyat%2FStock-Management-System%22%2C%22actor%22%3A%22autthapolsaiyat%22%2C%22slotName%22%3A%22production%22%2C%22commitMessage%22%3A%22%22%7D" X-Client-IP="128.24.163.33" X-Client-Port="12296" >
  <step title="OneDeploy" date="2025-12-19T05:46:21.615" >
    <step title="Starting PushDeployAsync" date="2025-12-19T05:46:21.629" /><!-- duration: 5ms -->
    <step title="Removing node_modules symlink" date="2025-12-19T05:46:21.656" >
      <step title="Writing artifact to /tmp/zipdeploy/35fd2876-6ac9-4e26-8c59-c769216a8948.zip" date="2025-12-19T05:46:21.754" >
        <step title="Writing multipart request body to /tmp/zipdeploy/35fd2876-6ac9-4e26-8c59-c769216a8948.zip" date="2025-12-19T05:46:21.763" /><!-- duration: 9ms -->
      </step><!-- duration: 3613ms -->
      <step title="Start deployment in the background" date="2025-12-19T05:46:25.395" >
        <step title="Acquiring Deployment Lock" date="2025-12-19T05:46:25.463" /><!-- duration: 12ms -->
        <step title="Acquired Deployment Lock" date="2025-12-19T05:46:25.517" /><!-- duration: 6ms -->
      </step><!-- duration: 224ms -->
    </step><!-- duration: 3976ms -->
    <step title="Outgoing response" date="2025-12-19T05:46:25.637" type="response" statusCode="202" statusText="Accepted" /><!-- duration: 4ms -->
  </step><!-- duration: 4031ms -->
