<step title="Incoming Request" date="2025-12-17T22:16:59.737" instance="93ba60" url="/api/deployments/latest?deployer=OneDeploy&amp;time=2025-12-17_22-16-10Z" method="GET" type="request" pid="833,1,18" Host="svs-stock-api.scm.azurewebsites.net" User-Agent="GITHUBACTIONS_DeployWebAppToAzure_9c77270b4dc11c65de193eb13ad2e59e3b6f8f2f23b9c7b3dc72a9e29892decc" Authorization="Bea..." Content-Type="application/json; charset=utf-8" Cookie="ARRAffinity=93ba60693efd27c98d25ac695a6ef440c44ba4652104de2a3ed78f5e62ba7f13;Path=/;HttpOnly;Secure;Domain=svs-stock-api.scm.azurewebsites.net; ARRAffinitySameSite=93ba60693efd27c98d25ac695a6ef440c44ba4652104de2a3ed78f5e62ba7f13;Path=/;HttpOnly;SameSite=None;Secure;Domain=svs-stock-api.scm.azurewebsites.net" Content-Length="0" X-ARR-LOG-ID="4ecd8275-fd95-437a-8426-6d7ccb1efb08" CLIENT-IP="52.173.219.151:38912" X-SITE-DEPLOYMENT-ID="svs-stock-api" WAS-DEFAULT-HOSTNAME="svs-stock-api.scm.azurewebsites.net" X-Forwarded-Proto="https" X-AppService-Proto="https" X-Forwarded-TlsVersion="1.3" X-WAWS-Unencoded-URL="/api/deployments/latest?deployer=OneDeploy&amp;time=2025-12-17_22-16-10Z" X-Client-IP="52.173.219.151" X-Client-Port="38912" >
  <step title="Cleanup Xml Logs" date="2025-12-17T22:16:59.747" >
    <step title="Cleanup Infos" date="2025-12-17T22:16:59.802" totalFiles="290" totalCleanup="130" /><!-- duration: 13ms -->
  </step><!-- duration: 103ms -->
  <step title="DeploymentService.GetResult" date="2025-12-17T22:16:59.881" >
    <step title="DeploymentService.GetLatestDeployment" date="2025-12-17T22:16:59.897" >
      <step title="DeploymentManager.GetResults" date="2025-12-17T22:16:59.909" /><!-- duration: 1218ms -->
    </step><!-- duration: 1248ms -->
  </step><!-- duration: 1276ms -->
  <step title="Outgoing response" date="2025-12-17T22:17:01.174" type="response" statusCode="202" statusText="Accepted" /><!-- duration: 55ms -->
</step><!-- duration: 1504ms -->
