<step title="Incoming Request" date="2025-12-18T12:15:53.377" instance="93ba60" url="/api/deployments/latest?deployer=OneDeploy&amp;time=2025-12-18_12-14-49Z" method="GET" type="request" pid="833,1,43" Host="svs-stock-api.scm.azurewebsites.net" User-Agent="GITHUBACTIONS_DeployWebAppToAzure_9c77270b4dc11c65de193eb13ad2e59e3b6f8f2f23b9c7b3dc72a9e29892decc" Authorization="Bea..." Content-Type="application/json; charset=utf-8" Cookie="ARRAffinity=93ba60693efd27c98d25ac695a6ef440c44ba4652104de2a3ed78f5e62ba7f13;Path=/;HttpOnly;Secure;Domain=svs-stock-api.scm.azurewebsites.net; ARRAffinitySameSite=93ba60693efd27c98d25ac695a6ef440c44ba4652104de2a3ed78f5e62ba7f13;Path=/;HttpOnly;SameSite=None;Secure;Domain=svs-stock-api.scm.azurewebsites.net" Content-Length="0" X-ARR-LOG-ID="97ee3c5d-db17-43c0-8ad1-1c4a11e1020c" CLIENT-IP="135.232.200.34:21440" X-SITE-DEPLOYMENT-ID="svs-stock-api" WAS-DEFAULT-HOSTNAME="svs-stock-api.scm.azurewebsites.net" X-Forwarded-Proto="https" X-AppService-Proto="https" X-Forwarded-TlsVersion="1.3" X-WAWS-Unencoded-URL="/api/deployments/latest?deployer=OneDeploy&amp;time=2025-12-18_12-14-49Z" X-Client-IP="135.232.200.34" X-Client-Port="21440" >
  <step title="Cleanup Xml Logs" date="2025-12-18T12:15:53.395" >
    <step title="Cleanup Infos" date="2025-12-18T12:15:53.428" totalFiles="313" totalCleanup="153" /><!-- duration: 8ms -->
  </step><!-- duration: 51ms -->
  <step title="DeploymentService.GetResult" date="2025-12-18T12:15:53.511" >
    <step title="DeploymentService.GetLatestDeployment" date="2025-12-18T12:15:53.561" >
      <step title="DeploymentManager.GetResults" date="2025-12-18T12:15:53.581" /><!-- duration: 1186ms -->
    </step><!-- duration: 1216ms -->
  </step><!-- duration: 1272ms -->
  <step title="Outgoing response" date="2025-12-18T12:15:54.807" type="response" statusCode="202" statusText="Accepted" /><!-- duration: 12ms -->
</step><!-- duration: 1452ms -->
