<step title="BackgroundTrace" date="2025-12-15T12:37:24.701" instance="4b281b" url="/api/zipdeploy" method="POST" >
  <step title="Cleanup Xml Logs" date="2025-12-15T12:37:24.719" /><!-- duration: 39ms -->
  <step title="Creating temporary deployment - FetchDeploymentManager" date="2025-12-15T12:37:24.978" /><!-- duration: 4ms -->
  <step title="Creating temporary deployment" date="2025-12-15T12:37:24.987" /><!-- duration: 63ms -->
  <step title="Performing fetch based deployment" date="2025-12-15T12:37:25.170" >
    <step title="Cleaning up temp folders from previous zip deployments and extracting pushed zip file /tmp/zipdeploy/eaa2d5a6-2df0-4cac-9bb0-54e09f24ad01.zip (48.05 MB) to /tmp/zipdeploy/extracted" date="2025-12-15T12:37:26.363" >
      <step title="ChmodRecursive Process exited with total time taken in ms: 941" date="2025-12-15T12:37:54.198" /><!-- duration: 16ms -->
    </step><!-- duration: 27865ms -->
    <step title="Deployment timer started" date="2025-12-15T12:37:56.249" >
      <step title="DeploymentManager.Deploy(id:d6897a20-e768-494e-b5d8-536cbbbb7266)" date="2025-12-15T12:37:56.258" >
        <step title="Collecting changeset information" date="2025-12-15T12:37:56.303" /><!-- duration: 121ms -->
        <step title="Updating submodules" date="2025-12-15T12:37:56.436" /><!-- duration: 1169ms -->
        <step title="Determining deployment builder" date="2025-12-15T12:37:57.847" >
          <step title="Builder is BasicBuilder" date="2025-12-15T12:37:57.867" /><!-- duration: 4ms -->
        </step><!-- duration: 30ms -->
        <step title="PreDeployment: context.CleanOutputPath False" date="2025-12-15T12:37:58.038" >
          <step title="PreDeployment: context.OutputPath /home/site/wwwroot" date="2025-12-15T12:37:58.546" >
            <step title="Building" date="2025-12-15T12:37:58.714" >
              <step title="Executing external process" date="2025-12-15T12:37:59.814" type="process" path="starter.sh" arguments="/opt/Kudu/Scripts/absoluteTar.sh /tmp/zipdeploy/extracted/node_modules /tmp/zipdeploy/extracted/node_modules.tar.gz" /><!-- duration: 37039ms -->
              <step title="Executing external process" date="2025-12-15T12:38:37.140" type="process" path="starter.sh" arguments="/opt/Kudu/Scripts/parallel_rsync.sh /tmp/zipdeploy/extracted /home/site/wwwroot 8 /tmp/ False True node_modules " /><!-- duration: 11112ms -->
              <step title="Triggering recycle (preview mode disabled)." date="2025-12-15T12:38:49.072" /><!-- duration: 5ms -->
              <step title="Modified file to trigger a restart of the app container." date="2025-12-15T12:38:49.107" /><!-- duration: 4ms -->
              <step title="Skip function trigger and logicapp sync because function is not enabled." date="2025-12-15T12:38:49.118" /><!-- duration: 17ms -->
            </step><!-- duration: 51361ms -->
          </step><!-- duration: 51538ms -->
          <step title="Cleaning up temp files" date="2025-12-15T12:38:50.088" /><!-- duration: 5ms -->
          <step title="Cleaning up temp files" date="2025-12-15T12:38:50.107" /><!-- duration: 509ms -->
          <step title="Reloading status file with latest updates" date="2025-12-15T12:38:50.670" >
            <step title="WebHooksManager.PublishEventAsync: PostDeployment" date="2025-12-15T12:38:50.675" /><!-- duration: 45ms -->
          </step><!-- duration: 78ms -->
          <step title="Cleaning up temporary deployment - fetch deployment was successful" date="2025-12-15T12:38:50.756" /><!-- duration: 4ms -->
        </step><!-- duration: 52802ms -->
      </step><!-- duration: 54607ms -->
