<step title="Incoming Request" date="2025-12-15T21:23:09.288" instance="4b281b" url="/api/publish?type=zip" method="POST" type="request" pid="831,1,28" Accept="*/*" Host="svs-stock-api.scm.azurewebsites.net" User-Agent="AZURECLI/2.78.0 (HOMEBREW)" Accept-Encoding="gzip, deflate" Authorization="Bea..." Cache-Control="no-cache" Content-Type="application/octet-stream" Cookie="ARRAffinity=4b281b4a9d9abb39450d23d8928bbaecc835ef9d48685f67465bb26c36f1b731; ARRAffinitySameSite=4b281b4a9d9abb39450d23d8928bbaecc835ef9d48685f67465bb26c36f1b731" Content-Length="50453309" x-ms-client-request-id="3ab4ad9a-d9fc-11f0-abcf-c6eea053c943" x-ms-artifact-checksum="72220aef9605c56edb0df79153ae98d77955a69c193b63fac839c01bf52116f1" X-ARR-LOG-ID="3ab4ad9a-d9fc-11f0-abcf-c6eea053c943" CLIENT-IP="184.22.101.158:56627" X-SITE-DEPLOYMENT-ID="svs-stock-api" WAS-DEFAULT-HOSTNAME="svs-stock-api.scm.azurewebsites.net" X-Forwarded-Proto="https" X-AppService-Proto="https" X-Forwarded-TlsVersion="1.3" X-WAWS-Unencoded-URL="/api/publish?type=zip" X-Client-IP="184.22.101.158" X-Client-Port="56627" >
  <step title="OneDeploy" date="2025-12-15T21:23:09.620" >
    <step title="Starting PushDeployAsync" date="2025-12-15T21:23:09.641" /><!-- duration: 7ms -->
    <step title="Removing node_modules symlink" date="2025-12-15T21:23:09.669" >
      <step title="Writing artifact to /tmp/zipdeploy/c0260098-0e1c-4991-9351-c653a2d82e03.zip" date="2025-12-15T21:23:09.763" >
        <step title="Writing multipart request body to /tmp/zipdeploy/c0260098-0e1c-4991-9351-c653a2d82e03.zip" date="2025-12-15T21:23:09.769" /><!-- duration: 10ms -->
      </step><!-- duration: 2649ms -->
      <step title="Attempting to fetch target branch HEAD" date="2025-12-15T21:23:12.438" /><!-- duration: 5ms -->
      <step title="Acquiring Deployment Lock" date="2025-12-15T21:23:12.454" /><!-- duration: 6ms -->
      <step title="Acquired Deployment Lock" date="2025-12-15T21:23:12.516" /><!-- duration: 6ms -->
      <step title="Performing fetch based deployment" date="2025-12-15T21:23:12.541" >
        <step title="Creating temporary deployment" date="2025-12-15T21:23:12.552" /><!-- duration: 113ms -->
        <step title="Releasing Deployment Lock" date="2025-12-15T21:23:13.873" /><!-- duration: 10ms -->
        <step title="Cleaning up temp folders from previous zip deployments and extracting pushed zip file /tmp/zipdeploy/c0260098-0e1c-4991-9351-c653a2d82e03.zip (48.12 MB) to /tmp/zipdeploy/extracted" date="2025-12-15T21:23:13.921" >
          <step title="ChmodRecursive Process exited with total time taken in ms: 863" date="2025-12-15T21:23:37.701" /><!-- duration: 14ms -->
        </step><!-- duration: 23807ms -->
        <step title="None repository commit" date="2025-12-15T21:23:37.738" >
          <step title="Commit id: ec27bb3f-1b34-4421-8f96-48bfb115cddb" date="2025-12-15T21:23:37.746" Message="OneDeploy" AuthorName="N/A" AuthorEmail="N/A" /><!-- duration: 5ms -->
        </step><!-- duration: 16ms -->
        <step title="Deployment timer started" date="2025-12-15T21:23:39.768" >
          <step title="DeploymentManager.Deploy(id:ec27bb3f-1b34-4421-8f96-48bfb115cddb)" date="2025-12-15T21:23:39.779" >
            <step title="Collecting changeset information" date="2025-12-15T21:23:39.800" /><!-- duration: 123ms -->
            <step title="Updating submodules" date="2025-12-15T21:23:39.939" /><!-- duration: 1189ms -->
            <step title="Determining deployment builder" date="2025-12-15T21:23:41.396" >
              <step title="Builder is OneDeployBuilder" date="2025-12-15T21:23:41.422" /><!-- duration: 5ms -->
            </step><!-- duration: 36ms -->
            <step title="PreDeployment: context.CleanOutputPath False" date="2025-12-15T21:23:41.499" >
              <step title="PreDeployment: context.OutputPath /home/site/wwwroot" date="2025-12-15T21:23:41.653" >
                <step title="Building" date="2025-12-15T21:23:41.820" >
                  <step title="Executing external process" date="2025-12-15T21:23:42.720" type="process" path="starter.sh" arguments="/opt/Kudu/Scripts/absoluteTar.sh /tmp/zipdeploy/extracted/node_modules /tmp/zipdeploy/extracted/node_modules.tar.gz" /><!-- duration: 39067ms -->
                  <step title="Executing external process" date="2025-12-15T21:24:22.159" type="process" path="starter.sh" arguments="/opt/Kudu/Scripts/parallel_rsync.sh /tmp/zipdeploy/extracted /home/site/wwwroot 8 /tmp/ False False node_modules " /><!-- duration: 11265ms -->
                  <step title="Modified file to trigger a restart of the app container." date="2025-12-15T21:24:34.409" /><!-- duration: 5ms -->
                  <step title="Skip function trigger and logicapp sync because function is not enabled." date="2025-12-15T21:24:34.422" /><!-- duration: 8ms -->
                </step><!-- duration: 53768ms -->
              </step><!-- duration: 53947ms -->
              <step title="Cleaning up temp files" date="2025-12-15T21:24:35.603" /><!-- duration: 5ms -->
              <step title="Cleaning up temp files" date="2025-12-15T21:24:35.613" /><!-- duration: 549ms -->
              <step title="Reloading status file with latest updates" date="2025-12-15T21:24:36.273" >
                <step title="WebHooksManager.PublishEventAsync: PostDeployment" date="2025-12-15T21:24:36.392" /><!-- duration: 158ms -->
              </step><!-- duration: 288ms -->
              <step title="Cleaning up temporary deployment - fetch deployment was successful" date="2025-12-15T21:24:36.592" /><!-- duration: 29ms -->
            </step><!-- duration: 55269ms -->
          </step><!-- duration: 57162ms -->
          <step title="Outgoing response" date="2025-12-15T21:24:37.026" type="response" statusCode="200" statusText="OK" /><!-- duration: 5ms -->
        </step><!-- duration: 57269ms -->
