<step title="Incoming Request" date="2025-12-19T06:14:19.675" instance="93ba60" url="/api/deployments/latest?deployer=OneDeploy&amp;time=2025-12-19_06-14-11Z" method="GET" type="request" pid="833,1,87" Host="svs-stock-api.scm.azurewebsites.net" User-Agent="GITHUBACTIONS_DeployWebAppToAzure_9c77270b4dc11c65de193eb13ad2e59e3b6f8f2f23b9c7b3dc72a9e29892decc" Authorization="Bea..." Content-Type="application/json; charset=utf-8" Cookie="ARRAffinity=93ba60693efd27c98d25ac695a6ef440c44ba4652104de2a3ed78f5e62ba7f13;Path=/;HttpOnly;Secure;Domain=svs-stock-api.scm.azurewebsites.net; ARRAffinitySameSite=93ba60693efd27c98d25ac695a6ef440c44ba4652104de2a3ed78f5e62ba7f13;Path=/;HttpOnly;SameSite=None;Secure;Domain=svs-stock-api.scm.azurewebsites.net" Content-Length="0" X-ARR-LOG-ID="ed1cfb51-b210-4772-9bcb-e3de291f66a4" CLIENT-IP="64.236.143.35:42001" X-SITE-DEPLOYMENT-ID="svs-stock-api" WAS-DEFAULT-HOSTNAME="svs-stock-api.scm.azurewebsites.net" X-Forwarded-Proto="https" X-AppService-Proto="https" X-Forwarded-TlsVersion="1.3" X-WAWS-Unencoded-URL="/api/deployments/latest?deployer=OneDeploy&amp;time=2025-12-19_06-14-11Z" X-Client-IP="64.236.143.35" X-Client-Port="42001" >
  <step title="Cleanup Xml Logs" date="2025-12-19T06:14:19.684" >
    <step title="Cleanup Infos" date="2025-12-19T06:14:19.732" totalFiles="437" totalCleanup="277" /><!-- duration: 20ms -->
  </step><!-- duration: 80ms -->
  <step title="DeploymentService.GetResult" date="2025-12-19T06:14:19.791" >
    <step title="DeploymentService.GetLatestDeployment" date="2025-12-19T06:14:19.801" >
      <step title="DeploymentManager.GetResults" date="2025-12-19T06:14:19.811" /><!-- duration: 1142ms -->
    </step><!-- duration: 1173ms -->
  </step><!-- duration: 1201ms -->
  <step title="Outgoing response" date="2025-12-19T06:14:21.017" type="response" statusCode="202" statusText="Accepted" /><!-- duration: 18ms -->
</step><!-- duration: 1370ms -->
