<step title="Incoming Request" date="2025-12-17T09:44:39.060" instance="4b281b" url="/api/deployments/latest?deployer=OneDeploy&amp;time=2025-12-17_09-44-08Z" method="GET" type="request" pid="831,1,66" Host="svs-stock-api.scm.azurewebsites.net" User-Agent="GITHUBACTIONS_DeployWebAppToAzure_9c77270b4dc11c65de193eb13ad2e59e3b6f8f2f23b9c7b3dc72a9e29892decc" Authorization="Bea..." Content-Type="application/json; charset=utf-8" Cookie="ARRAffinity=4b281b4a9d9abb39450d23d8928bbaecc835ef9d48685f67465bb26c36f1b731;Path=/;HttpOnly;Secure;Domain=svs-stock-api.scm.azurewebsites.net; ARRAffinitySameSite=4b281b4a9d9abb39450d23d8928bbaecc835ef9d48685f67465bb26c36f1b731;Path=/;HttpOnly;SameSite=None;Secure;Domain=svs-stock-api.scm.azurewebsites.net" Content-Length="0" X-ARR-LOG-ID="41f869e6-040c-4507-9d3d-231c1ff19f22" CLIENT-IP="172.215.209.100:65472" X-SITE-DEPLOYMENT-ID="svs-stock-api" WAS-DEFAULT-HOSTNAME="svs-stock-api.scm.azurewebsites.net" X-Forwarded-Proto="https" X-AppService-Proto="https" X-Forwarded-TlsVersion="1.3" X-WAWS-Unencoded-URL="/api/deployments/latest?deployer=OneDeploy&amp;time=2025-12-17_09-44-08Z" X-Client-IP="172.215.209.100" X-Client-Port="65472" >
  <step title="Cleanup Xml Logs" date="2025-12-17T09:44:39.069" >
    <step title="Cleanup Infos" date="2025-12-17T09:44:39.100" totalFiles="252" totalCleanup="92" /><!-- duration: 18ms -->
  </step><!-- duration: 57ms -->
  <step title="DeploymentService.GetResult" date="2025-12-17T09:44:39.151" >
    <step title="DeploymentService.GetLatestDeployment" date="2025-12-17T09:44:39.155" >
      <step title="DeploymentManager.GetResults" date="2025-12-17T09:44:39.159" /><!-- duration: 847ms -->
    </step><!-- duration: 865ms -->
  </step><!-- duration: 878ms -->
  <step title="Outgoing response" date="2025-12-17T09:44:40.033" type="response" statusCode="202" statusText="Accepted" /><!-- duration: 5ms -->
</step><!-- duration: 982ms -->
