<step title="Incoming Request" date="2025-12-18T21:46:19.515" instance="93ba60" url="/api/deployments/latest?deployer=OneDeploy&amp;time=2025-12-18_21-45-49Z" method="GET" type="request" pid="833,1,67" Host="svs-stock-api.scm.azurewebsites.net" User-Agent="GITHUBACTIONS_DeployWebAppToAzure_9c77270b4dc11c65de193eb13ad2e59e3b6f8f2f23b9c7b3dc72a9e29892decc" Authorization="Bea..." Content-Type="application/json; charset=utf-8" Cookie="ARRAffinity=93ba60693efd27c98d25ac695a6ef440c44ba4652104de2a3ed78f5e62ba7f13;Path=/;HttpOnly;Secure;Domain=svs-stock-api.scm.azurewebsites.net; ARRAffinitySameSite=93ba60693efd27c98d25ac695a6ef440c44ba4652104de2a3ed78f5e62ba7f13;Path=/;HttpOnly;SameSite=None;Secure;Domain=svs-stock-api.scm.azurewebsites.net" Content-Length="0" X-ARR-LOG-ID="fd44247b-ec75-48c0-a477-c2ef96385c57" CLIENT-IP="52.173.178.218:1024" X-SITE-DEPLOYMENT-ID="svs-stock-api" WAS-DEFAULT-HOSTNAME="svs-stock-api.scm.azurewebsites.net" X-Forwarded-Proto="https" X-AppService-Proto="https" X-Forwarded-TlsVersion="1.3" X-WAWS-Unencoded-URL="/api/deployments/latest?deployer=OneDeploy&amp;time=2025-12-18_21-45-49Z" X-Client-IP="52.173.178.218" X-Client-Port="1024" >
  <step title="Cleanup Xml Logs" date="2025-12-18T21:46:19.524" >
    <step title="Cleanup Infos" date="2025-12-18T21:46:19.562" totalFiles="345" totalCleanup="185" /><!-- duration: 21ms -->
  </step><!-- duration: 68ms -->
  <step title="DeploymentService.GetResult" date="2025-12-18T21:46:19.632" >
    <step title="DeploymentService.GetLatestDeployment" date="2025-12-18T21:46:19.650" >
      <step title="DeploymentManager.GetResults" date="2025-12-18T21:46:19.667" /><!-- duration: 1170ms -->
    </step><!-- duration: 1209ms -->
  </step><!-- duration: 1247ms -->
  <step title="Outgoing response" date="2025-12-18T21:46:20.900" type="response" statusCode="202" statusText="Accepted" /><!-- duration: 15ms -->
</step><!-- duration: 1419ms -->
