<step title="Incoming Request" date="2025-12-19T05:33:25.039" instance="93ba60" url="/api/deployments/latest?deployer=OneDeploy&amp;time=2025-12-19_05-32-06Z" method="GET" type="request" pid="833,1,65" Host="svs-stock-api.scm.azurewebsites.net" User-Agent="GITHUBACTIONS_DeployWebAppToAzure_9c77270b4dc11c65de193eb13ad2e59e3b6f8f2f23b9c7b3dc72a9e29892decc" Authorization="Bea..." Content-Type="application/json; charset=utf-8" Cookie="ARRAffinity=93ba60693efd27c98d25ac695a6ef440c44ba4652104de2a3ed78f5e62ba7f13;Path=/;HttpOnly;Secure;Domain=svs-stock-api.scm.azurewebsites.net; ARRAffinitySameSite=93ba60693efd27c98d25ac695a6ef440c44ba4652104de2a3ed78f5e62ba7f13;Path=/;HttpOnly;SameSite=None;Secure;Domain=svs-stock-api.scm.azurewebsites.net" Content-Length="0" X-ARR-LOG-ID="d89c8793-17d9-48bd-a0cd-3c99e030b24d" CLIENT-IP="172.215.218.19:14368" X-SITE-DEPLOYMENT-ID="svs-stock-api" WAS-DEFAULT-HOSTNAME="svs-stock-api.scm.azurewebsites.net" X-Forwarded-Proto="https" X-AppService-Proto="https" X-Forwarded-TlsVersion="1.3" X-WAWS-Unencoded-URL="/api/deployments/latest?deployer=OneDeploy&amp;time=2025-12-19_05-32-06Z" X-Client-IP="172.215.218.19" X-Client-Port="14368" >
  <step title="Cleanup Xml Logs" date="2025-12-19T05:33:25.051" >
    <step title="Cleanup Infos" date="2025-12-19T05:33:25.128" totalFiles="406" totalCleanup="246" /><!-- duration: 27ms -->
  </step><!-- duration: 113ms -->
  <step title="DeploymentService.GetResult" date="2025-12-19T05:33:25.187" >
    <step title="DeploymentService.GetLatestDeployment" date="2025-12-19T05:33:25.196" >
      <step title="DeploymentManager.GetResults" date="2025-12-19T05:33:25.222" /><!-- duration: 1183ms -->
    </step><!-- duration: 1229ms -->
  </step><!-- duration: 1257ms -->
  <step title="Outgoing response" date="2025-12-19T05:33:26.484" type="response" statusCode="202" statusText="Accepted" /><!-- duration: 19ms -->
</step><!-- duration: 1483ms -->
