<step title="Incoming Request" date="2025-12-19T05:46:33.502" instance="93ba60" url="/api/deployments/latest?deployer=OneDeploy&amp;time=2025-12-19_05-46-25Z" method="GET" type="request" pid="833,1,69" Host="svs-stock-api.scm.azurewebsites.net" User-Agent="GITHUBACTIONS_DeployWebAppToAzure_9c77270b4dc11c65de193eb13ad2e59e3b6f8f2f23b9c7b3dc72a9e29892decc" Authorization="Bea..." Content-Type="application/json; charset=utf-8" Cookie="ARRAffinity=93ba60693efd27c98d25ac695a6ef440c44ba4652104de2a3ed78f5e62ba7f13;Path=/;HttpOnly;Secure;Domain=svs-stock-api.scm.azurewebsites.net; ARRAffinitySameSite=93ba60693efd27c98d25ac695a6ef440c44ba4652104de2a3ed78f5e62ba7f13;Path=/;HttpOnly;SameSite=None;Secure;Domain=svs-stock-api.scm.azurewebsites.net" Content-Length="0" X-ARR-LOG-ID="daf12ad8-1652-4441-8f29-3c258de48579" CLIENT-IP="128.24.163.33:12297" X-SITE-DEPLOYMENT-ID="svs-stock-api" WAS-DEFAULT-HOSTNAME="svs-stock-api.scm.azurewebsites.net" X-Forwarded-Proto="https" X-AppService-Proto="https" X-Forwarded-TlsVersion="1.3" X-WAWS-Unencoded-URL="/api/deployments/latest?deployer=OneDeploy&amp;time=2025-12-19_05-46-25Z" X-Client-IP="128.24.163.33" X-Client-Port="12297" >
  <step title="Cleanup Xml Logs" date="2025-12-19T05:46:33.512" >
    <step title="Cleanup Infos" date="2025-12-19T05:46:33.588" totalFiles="417" totalCleanup="257" /><!-- duration: 19ms -->
  </step><!-- duration: 106ms -->
  <step title="DeploymentService.GetResult" date="2025-12-19T05:46:33.638" >
    <step title="DeploymentService.GetLatestDeployment" date="2025-12-19T05:46:33.647" >
      <step title="DeploymentManager.GetResults" date="2025-12-19T05:46:33.665" /><!-- duration: 1185ms -->
    </step><!-- duration: 1238ms -->
  </step><!-- duration: 1266ms -->
  <step title="Outgoing response" date="2025-12-19T05:46:34.917" type="response" statusCode="202" statusText="Accepted" /><!-- duration: 15ms -->
</step><!-- duration: 1451ms -->
