<step title="BackgroundTrace" date="2025-12-15T12:14:44.959" instance="4b281b" url="/api/zipdeploy" method="POST" >
  <step title="Cleanup Xml Logs" date="2025-12-15T12:14:44.970" /><!-- duration: 15ms -->
  <step title="Creating temporary deployment - FetchDeploymentManager" date="2025-12-15T12:14:45.112" /><!-- duration: 19ms -->
  <step title="Creating temporary deployment" date="2025-12-15T12:14:45.144" /><!-- duration: 121ms -->
  <step title="Performing fetch based deployment" date="2025-12-15T12:14:45.375" >
    <step title="Cleaning up temp folders from previous zip deployments and extracting pushed zip file /tmp/zipdeploy/eb42bbae-4a68-4e85-9ce3-8edbb9bb6537.zip (48.05 MB) to /tmp/zipdeploy/extracted" date="2025-12-15T12:14:46.573" >
      <step title="ChmodRecursive Process exited with total time taken in ms: 944" date="2025-12-15T12:15:12.269" /><!-- duration: 8ms -->
    </step><!-- duration: 25712ms -->
    <step title="Deployment timer started" date="2025-12-15T12:15:14.302" >
      <step title="DeploymentManager.Deploy(id:a616b84a-7c14-4dae-a3a1-581f4d32a2bc)" date="2025-12-15T12:15:14.323" >
        <step title="Collecting changeset information" date="2025-12-15T12:15:14.352" /><!-- duration: 135ms -->
        <step title="Updating submodules" date="2025-12-15T12:15:14.498" /><!-- duration: 1157ms -->
        <step title="Determining deployment builder" date="2025-12-15T12:15:15.906" >
          <step title="Builder is BasicBuilder" date="2025-12-15T12:15:15.926" /><!-- duration: 5ms -->
        </step><!-- duration: 32ms -->
        <step title="PreDeployment: context.CleanOutputPath False" date="2025-12-15T12:15:16.016" >
          <step title="PreDeployment: context.OutputPath /home/site/wwwroot" date="2025-12-15T12:15:16.150" >
            <step title="Building" date="2025-12-15T12:15:16.339" >
              <step title="Executing external process" date="2025-12-15T12:15:17.111" type="process" path="starter.sh" arguments="/opt/Kudu/Scripts/absoluteTar.sh /tmp/zipdeploy/extracted/node_modules /tmp/zipdeploy/extracted/node_modules.tar.gz" /><!-- duration: 34659ms -->
              <step title="Executing external process" date="2025-12-15T12:15:52.383" type="process" path="starter.sh" arguments="/opt/Kudu/Scripts/parallel_rsync.sh /tmp/zipdeploy/extracted /home/site/wwwroot 8 /tmp/ False True node_modules " /><!-- duration: 12491ms -->
              <step title="Triggering recycle (preview mode disabled)." date="2025-12-15T12:16:05.679" /><!-- duration: 13ms -->
              <step title="Modified file to trigger a restart of the app container." date="2025-12-15T12:16:05.726" /><!-- duration: 5ms -->
              <step title="Skip function trigger and logicapp sync because function is not enabled." date="2025-12-15T12:16:05.741" /><!-- duration: 29ms -->
            </step><!-- duration: 50678ms -->
          </step><!-- duration: 50948ms -->
          <step title="Cleaning up temp files" date="2025-12-15T12:16:07.118" /><!-- duration: 9ms -->
          <step title="Cleaning up temp files" date="2025-12-15T12:16:07.132" /><!-- duration: 519ms -->
          <step title="Reloading status file with latest updates" date="2025-12-15T12:16:07.716" >
            <step title="WebHooksManager.PublishEventAsync: PostDeployment" date="2025-12-15T12:16:07.725" /><!-- duration: 67ms -->
          </step><!-- duration: 84ms -->
          <step title="Cleaning up temporary deployment - fetch deployment was successful" date="2025-12-15T12:16:07.808" /><!-- duration: 6ms -->
        </step><!-- duration: 51984ms -->
      </step><!-- duration: 53865ms -->
