<step title="Incoming Request" date="2025-12-19T04:19:49.078" instance="93ba60" url="/api/deployments/latest?deployer=OneDeploy&amp;time=2025-12-19_04-19-40Z" method="GET" type="request" pid="833,1,61" Host="svs-stock-api.scm.azurewebsites.net" User-Agent="GITHUBACTIONS_DeployWebAppToAzure_9c77270b4dc11c65de193eb13ad2e59e3b6f8f2f23b9c7b3dc72a9e29892decc" Authorization="Bea..." Content-Type="application/json; charset=utf-8" Cookie="ARRAffinity=93ba60693efd27c98d25ac695a6ef440c44ba4652104de2a3ed78f5e62ba7f13;Path=/;HttpOnly;Secure;Domain=svs-stock-api.scm.azurewebsites.net; ARRAffinitySameSite=93ba60693efd27c98d25ac695a6ef440c44ba4652104de2a3ed78f5e62ba7f13;Path=/;HttpOnly;SameSite=None;Secure;Domain=svs-stock-api.scm.azurewebsites.net" Content-Length="0" X-ARR-LOG-ID="7d1816e9-9f29-44d4-932b-106c7fa73443" CLIENT-IP="52.234.43.181:13313" X-SITE-DEPLOYMENT-ID="svs-stock-api" WAS-DEFAULT-HOSTNAME="svs-stock-api.scm.azurewebsites.net" X-Forwarded-Proto="https" X-AppService-Proto="https" X-Forwarded-TlsVersion="1.3" X-WAWS-Unencoded-URL="/api/deployments/latest?deployer=OneDeploy&amp;time=2025-12-19_04-19-40Z" X-Client-IP="52.234.43.181" X-Client-Port="13313" >
  <step title="Cleanup Xml Logs" date="2025-12-19T04:19:49.116" >
    <step title="Cleanup Infos" date="2025-12-19T04:19:49.274" totalFiles="362" totalCleanup="202" /><!-- duration: 20ms -->
  </step><!-- duration: 191ms -->
  <step title="DeploymentService.GetResult" date="2025-12-19T04:19:49.342" >
    <step title="DeploymentService.GetLatestDeployment" date="2025-12-19T04:19:49.351" >
      <step title="DeploymentManager.GetResults" date="2025-12-19T04:19:49.378" /><!-- duration: 1906ms -->
    </step><!-- duration: 1961ms -->
  </step><!-- duration: 1998ms -->
  <step title="Outgoing response" date="2025-12-19T04:19:51.360" type="response" statusCode="202" statusText="Accepted" /><!-- duration: 10ms -->
</step><!-- duration: 2302ms -->
