<step title="Incoming Request" date="2025-12-19T04:19:36.057" instance="93ba60" url="/api/publish?async=true&amp;deployer=GITHUB_ONE_DEPLOY&amp;type=zip&amp;message=%7B%22type%22%3A%22deployment%22%2C%22sha%22%3A%2217d8a55bb17177775c9edf262f56dcc9aca9cbe8%22%2C%22repoName%22%3A%22autthapolsaiyat%2FStock-Management-System%22%2C%22actor%22%3A%22autthapolsaiyat%22%2C%22slotName%22%3A%22production%22%2C%22commitMessage%22%3A%22feat%3A%20simplify%20quotation%20workflow%20-%20DRAFT%20%3E%20SENT%20%3E%20CONFIRMED%22%7D" method="POST" type="request" pid="833,1,58" Host="svs-stock-api.scm.azurewebsites.net" User-Agent="GITHUBACTIONS_DeployWebAppToAzure_9c77270b4dc11c65de193eb13ad2e59e3b6f8f2f23b9c7b3dc72a9e29892decc" Authorization="Bea..." Content-Type="application/octet-stream" Cookie="ARRAffinity=93ba60693efd27c98d25ac695a6ef440c44ba4652104de2a3ed78f5e62ba7f13;Path=/;HttpOnly;Secure;Domain=svs-stock-api.scm.azurewebsites.net; ARRAffinitySameSite=93ba60693efd27c98d25ac695a6ef440c44ba4652104de2a3ed78f5e62ba7f13;Path=/;HttpOnly;SameSite=None;Secure;Domain=svs-stock-api.scm.azurewebsites.net" Transfer-Encoding="chunked" X-ARR-LOG-ID="c9f0ebb9-0fa3-45e2-9ee3-70a1c6e99079" CLIENT-IP="52.234.43.181:13312" X-SITE-DEPLOYMENT-ID="svs-stock-api" WAS-DEFAULT-HOSTNAME="svs-stock-api.scm.azurewebsites.net" X-Forwarded-Proto="https" X-AppService-Proto="https" X-Forwarded-TlsVersion="1.3" X-WAWS-Unencoded-URL="/api/publish?async=true&amp;deployer=GITHUB_ONE_DEPLOY&amp;type=zip&amp;message=%7B%22type%22%3A%22deployment%22%2C%22sha%22%3A%2217d8a55bb17177775c9edf262f56dcc9aca9cbe8%22%2C%22repoName%22%3A%22autthapolsaiyat%2FStock-Management-System%22%2C%22actor%22%3A%22autthapolsaiyat%22%2C%22slotName%22%3A%22production%22%2C%22commitMessage%22%3A%22feat%3A%20simplify%20quotation%20workflow%20-%20DRAFT%20%3E%20SENT%20%3E%20CONFIRMED%22%7D" X-Client-IP="52.234.43.181" X-Client-Port="13312" >
  <step title="OneDeploy" date="2025-12-19T04:19:36.253" >
    <step title="Starting PushDeployAsync" date="2025-12-19T04:19:36.396" /><!-- duration: 38ms -->
    <step title="Removing node_modules symlink" date="2025-12-19T04:19:36.555" >
      <step title="Writing artifact to /tmp/zipdeploy/06eb20c9-c5ae-4e86-a71a-07233884dc55.zip" date="2025-12-19T04:19:36.782" >
        <step title="Writing multipart request body to /tmp/zipdeploy/06eb20c9-c5ae-4e86-a71a-07233884dc55.zip" date="2025-12-19T04:19:36.793" /><!-- duration: 18ms -->
      </step><!-- duration: 3087ms -->
      <step title="Start deployment in the background" date="2025-12-19T04:19:39.924" >
        <step title="Acquiring Deployment Lock" date="2025-12-19T04:19:39.999" /><!-- duration: 7ms -->
        <step title="Acquired Deployment Lock" date="2025-12-19T04:19:40.068" /><!-- duration: 9ms -->
      </step><!-- duration: 398ms -->
    </step><!-- duration: 3790ms -->
    <step title="Outgoing response" date="2025-12-19T04:19:40.358" type="response" statusCode="202" statusText="Accepted" /><!-- duration: 5ms -->
  </step><!-- duration: 4115ms -->
