<step title="Incoming Request" date="2025-12-19T05:33:55.754" instance="93ba60" url="/api/deployments/latest?deployer=OneDeploy&amp;time=2025-12-19_05-32-06Z" method="GET" type="request" pid="833,1,65" Host="svs-stock-api.scm.azurewebsites.net" User-Agent="GITHUBACTIONS_DeployWebAppToAzure_9c77270b4dc11c65de193eb13ad2e59e3b6f8f2f23b9c7b3dc72a9e29892decc" Authorization="Bea..." Content-Type="application/json; charset=utf-8" Cookie="ARRAffinity=93ba60693efd27c98d25ac695a6ef440c44ba4652104de2a3ed78f5e62ba7f13;Path=/;HttpOnly;Secure;Domain=svs-stock-api.scm.azurewebsites.net; ARRAffinitySameSite=93ba60693efd27c98d25ac695a6ef440c44ba4652104de2a3ed78f5e62ba7f13;Path=/;HttpOnly;SameSite=None;Secure;Domain=svs-stock-api.scm.azurewebsites.net" Content-Length="0" X-ARR-LOG-ID="d21d5e26-7ed4-413e-8841-4a4f0381904f" CLIENT-IP="172.215.218.19:14371" X-SITE-DEPLOYMENT-ID="svs-stock-api" WAS-DEFAULT-HOSTNAME="svs-stock-api.scm.azurewebsites.net" X-Forwarded-Proto="https" X-AppService-Proto="https" X-Forwarded-TlsVersion="1.3" X-WAWS-Unencoded-URL="/api/deployments/latest?deployer=OneDeploy&amp;time=2025-12-19_05-32-06Z" X-Client-IP="172.215.218.19" X-Client-Port="14371" >
  <step title="Cleanup Xml Logs" date="2025-12-19T05:33:55.790" >
    <step title="Cleanup Infos" date="2025-12-19T05:33:56.012" totalFiles="410" totalCleanup="250" /><!-- duration: 35ms -->
  </step><!-- duration: 280ms -->
  <step title="DeploymentService.GetResult" date="2025-12-19T05:33:56.134" >
    <step title="DeploymentService.GetLatestDeployment" date="2025-12-19T05:33:56.182" >
      <step title="DeploymentManager.GetResults" date="2025-12-19T05:33:56.237" /><!-- duration: 1943ms -->
    </step><!-- duration: 2024ms -->
  </step><!-- duration: 2100ms -->
  <step title="Outgoing response" date="2025-12-19T05:33:58.260" type="response" statusCode="202" statusText="Accepted" /><!-- duration: 16ms -->
</step><!-- duration: 2541ms -->
