<step title="Incoming Request" date="2025-12-19T04:21:09.557" instance="93ba60" url="/api/deployments/latest?deployer=OneDeploy&amp;time=2025-12-19_04-19-40Z" method="GET" type="request" pid="833,1,87" Host="svs-stock-api.scm.azurewebsites.net" User-Agent="GITHUBACTIONS_DeployWebAppToAzure_9c77270b4dc11c65de193eb13ad2e59e3b6f8f2f23b9c7b3dc72a9e29892decc" Authorization="Bea..." Content-Type="application/json; charset=utf-8" Cookie="ARRAffinity=93ba60693efd27c98d25ac695a6ef440c44ba4652104de2a3ed78f5e62ba7f13;Path=/;HttpOnly;Secure;Domain=svs-stock-api.scm.azurewebsites.net; ARRAffinitySameSite=93ba60693efd27c98d25ac695a6ef440c44ba4652104de2a3ed78f5e62ba7f13;Path=/;HttpOnly;SameSite=None;Secure;Domain=svs-stock-api.scm.azurewebsites.net" Content-Length="0" X-ARR-LOG-ID="633ffc2f-0ae0-43fb-81d1-6530a7c85d42" CLIENT-IP="52.234.43.181:13312" X-SITE-DEPLOYMENT-ID="svs-stock-api" WAS-DEFAULT-HOSTNAME="svs-stock-api.scm.azurewebsites.net" X-Forwarded-Proto="https" X-AppService-Proto="https" X-Forwarded-TlsVersion="1.3" X-WAWS-Unencoded-URL="/api/deployments/latest?deployer=OneDeploy&amp;time=2025-12-19_04-19-40Z" X-Client-IP="52.234.43.181" X-Client-Port="13312" >
  <step title="Cleanup Xml Logs" date="2025-12-19T04:21:09.575" >
    <step title="Cleanup Infos" date="2025-12-19T04:21:09.610" totalFiles="373" totalCleanup="213" /><!-- duration: 14ms -->
  </step><!-- duration: 82ms -->
  <step title="DeploymentService.GetResult" date="2025-12-19T04:21:09.682" >
    <step title="DeploymentService.GetLatestDeployment" date="2025-12-19T04:21:09.700" >
      <step title="DeploymentManager.GetResults" date="2025-12-19T04:21:09.717" /><!-- duration: 1073ms -->
    </step><!-- duration: 1109ms -->
  </step><!-- duration: 1135ms -->
  <step title="Outgoing response" date="2025-12-19T04:21:10.830" type="response" statusCode="202" statusText="Accepted" /><!-- duration: 15ms -->
</step><!-- duration: 1300ms -->
