<step title="BackgroundTrace" date="2025-12-19T04:37:12.891" instance="93ba60" url="/api/publish" method="POST" >
  <step title="Cleanup Xml Logs" date="2025-12-19T04:37:12.915" >
    <step title="Cleanup Infos" date="2025-12-19T04:37:12.938" totalFiles="378" totalCleanup="218" /><!-- duration: 10ms -->
  </step><!-- duration: 52ms -->
  <step title="Creating temporary deployment - FetchDeploymentManager" date="2025-12-19T04:37:13.231" /><!-- duration: 18ms -->
  <step title="Creating temporary deployment" date="2025-12-19T04:37:13.446" /><!-- duration: 311ms -->
  <step title="Performing fetch based deployment" date="2025-12-19T04:37:13.879" >
    <step title="Cleaning up temp folders from previous zip deployments and extracting pushed zip file /tmp/zipdeploy/6f2d446a-a4b6-4206-8f04-2aacd09be36b.zip (48.13 MB) to /tmp/zipdeploy/extracted" date="2025-12-19T04:37:15.571" >
      <step title="ChmodRecursive Process exited with total time taken in ms: 184" date="2025-12-19T04:38:01.922" /><!-- duration: 21ms -->
    </step><!-- duration: 46412ms -->
    <step title="Deployment timer started" date="2025-12-19T04:38:04.051" >
      <step title="DeploymentManager.Deploy(id:a563c120-116d-4f12-a989-90dbbc3c81ab)" date="2025-12-19T04:38:04.065" >
        <step title="Collecting changeset information" date="2025-12-19T04:38:04.179" /><!-- duration: 273ms -->
        <step title="Updating submodules" date="2025-12-19T04:38:04.489" /><!-- duration: 1292ms -->
        <step title="Determining deployment builder" date="2025-12-19T04:38:06.042" >
          <step title="Builder is OneDeployBuilder" date="2025-12-19T04:38:06.067" /><!-- duration: 4ms -->
        </step><!-- duration: 41ms -->
        <step title="PreDeployment: context.CleanOutputPath False" date="2025-12-19T04:38:06.167" >
          <step title="PreDeployment: context.OutputPath /home/site/wwwroot" date="2025-12-19T04:38:06.334" >
            <step title="Building" date="2025-12-19T04:38:06.479" >
              <step title="Executing external process" date="2025-12-19T04:38:07.403" type="process" path="starter.sh" arguments="/opt/Kudu/Scripts/absoluteTar.sh /tmp/zipdeploy/extracted/node_modules /tmp/zipdeploy/extracted/node_modules.tar.gz" /><!-- duration: 42687ms -->
              <step title="Executing external process" date="2025-12-19T04:38:50.427" type="process" path="starter.sh" arguments="/opt/Kudu/Scripts/parallel_rsync.sh /tmp/zipdeploy/extracted /home/site/wwwroot 8 /tmp/ False False node_modules " /><!-- duration: 9994ms -->
              <step title="Modified file to trigger a restart of the app container." date="2025-12-19T04:39:01.382" /><!-- duration: 27ms -->
              <step title="Skip function trigger and logicapp sync because function is not enabled." date="2025-12-19T04:39:01.465" /><!-- duration: 48ms -->
              <step title="Purge deployment items" date="2025-12-19T04:39:03.734" >
                <step title="Remove 5652f763-, Success, received at 12/17/2025 08:44:44" date="2025-12-19T04:39:04.284" /><!-- duration: 13ms -->
              </step><!-- duration: 593ms -->
            </step><!-- duration: 58068ms -->
          </step><!-- duration: 58243ms -->
          <step title="Cleaning up temp files" date="2025-12-19T04:39:04.637" /><!-- duration: 19ms -->
          <step title="Cleaning up temp files" date="2025-12-19T04:39:04.673" /><!-- duration: 576ms -->
          <step title="Reloading status file with latest updates" date="2025-12-19T04:39:05.365" >
            <step title="WebHooksManager.PublishEventAsync: PostDeployment" date="2025-12-19T04:39:05.374" /><!-- duration: 179ms -->
          </step><!-- duration: 249ms -->
          <step title="Cleaning up temporary deployment - fetch deployment was successful" date="2025-12-19T04:39:05.683" /><!-- duration: 13ms -->
        </step><!-- duration: 59920ms -->
      </step><!-- duration: 62128ms -->
