<step title="Incoming Request" date="2025-12-17T08:44:13.900" instance="4b281b" url="/api/publish?type=zip" method="POST" type="request" pid="831,1,29" Accept="*/*" Host="svs-stock-api.scm.azurewebsites.net" User-Agent="AZURECLI/2.78.0 (HOMEBREW)" Accept-Encoding="gzip, deflate" Authorization="Bea..." Cache-Control="no-cache" Content-Type="application/octet-stream" Cookie="ARRAffinity=4b281b4a9d9abb39450d23d8928bbaecc835ef9d48685f67465bb26c36f1b731; ARRAffinitySameSite=4b281b4a9d9abb39450d23d8928bbaecc835ef9d48685f67465bb26c36f1b731" Content-Length="50465498" x-ms-client-request-id="8aa7a2de-db24-11f0-a6a4-c6eea053c943" x-ms-artifact-checksum="afaa60bbad91173d592da0a37805d55683eceb462f454a83b63f56be8827e767" X-ARR-LOG-ID="8aa7a2de-db24-11f0-a6a4-c6eea053c943" CLIENT-IP="184.22.101.158:49337" X-SITE-DEPLOYMENT-ID="svs-stock-api" WAS-DEFAULT-HOSTNAME="svs-stock-api.scm.azurewebsites.net" X-Forwarded-Proto="https" X-AppService-Proto="https" X-Forwarded-TlsVersion="1.3" X-WAWS-Unencoded-URL="/api/publish?type=zip" X-Client-IP="184.22.101.158" X-Client-Port="49337" >
  <step title="OneDeploy" date="2025-12-17T08:44:14.043" >
    <step title="Starting PushDeployAsync" date="2025-12-17T08:44:14.236" /><!-- duration: 5ms -->
    <step title="Removing node_modules symlink" date="2025-12-17T08:44:14.259" >
      <step title="Writing artifact to /tmp/zipdeploy/2d18129e-e16b-4fac-81b8-f6a51b57cdd1.zip" date="2025-12-17T08:44:14.431" >
        <step title="Writing multipart request body to /tmp/zipdeploy/2d18129e-e16b-4fac-81b8-f6a51b57cdd1.zip" date="2025-12-17T08:44:14.437" /><!-- duration: 11ms -->
      </step><!-- duration: 2841ms -->
      <step title="Attempting to fetch target branch HEAD" date="2025-12-17T08:44:17.294" /><!-- duration: 5ms -->
      <step title="Acquiring Deployment Lock" date="2025-12-17T08:44:17.305" /><!-- duration: 9ms -->
      <step title="Acquired Deployment Lock" date="2025-12-17T08:44:17.359" /><!-- duration: 5ms -->
      <step title="Performing fetch based deployment" date="2025-12-17T08:44:17.374" >
        <step title="Creating temporary deployment" date="2025-12-17T08:44:17.383" /><!-- duration: 65ms -->
        <step title="Releasing Deployment Lock" date="2025-12-17T08:44:18.625" /><!-- duration: 11ms -->
        <step title="Cleaning up temp folders from previous zip deployments and extracting pushed zip file /tmp/zipdeploy/2d18129e-e16b-4fac-81b8-f6a51b57cdd1.zip (48.13 MB) to /tmp/zipdeploy/extracted" date="2025-12-17T08:44:18.679" >
          <step title="ChmodRecursive Process exited with total time taken in ms: 11" date="2025-12-17T08:44:41.838" /><!-- duration: 16ms -->
        </step><!-- duration: 23192ms -->
        <step title="None repository commit" date="2025-12-17T08:44:41.884" >
          <step title="Commit id: 5652f763-7c48-4d75-a2af-98f54f0a72da" date="2025-12-17T08:44:41.889" Message="OneDeploy" AuthorName="N/A" AuthorEmail="N/A" /><!-- duration: 4ms -->
        </step><!-- duration: 24ms -->
        <step title="Deployment timer started" date="2025-12-17T08:44:43.947" >
          <step title="DeploymentManager.Deploy(id:5652f763-7c48-4d75-a2af-98f54f0a72da)" date="2025-12-17T08:44:43.996" >
            <step title="Collecting changeset information" date="2025-12-17T08:44:44.068" /><!-- duration: 151ms -->
            <step title="Updating submodules" date="2025-12-17T08:44:44.233" /><!-- duration: 1169ms -->
            <step title="Determining deployment builder" date="2025-12-17T08:44:45.705" >
              <step title="Builder is OneDeployBuilder" date="2025-12-17T08:44:45.719" /><!-- duration: 4ms -->
            </step><!-- duration: 23ms -->
            <step title="PreDeployment: context.CleanOutputPath False" date="2025-12-17T08:44:45.806" >
              <step title="PreDeployment: context.OutputPath /home/site/wwwroot" date="2025-12-17T08:44:45.953" >
                <step title="Building" date="2025-12-17T08:44:46.155" >
                  <step title="Executing external process" date="2025-12-17T08:44:47.087" type="process" path="starter.sh" arguments="/opt/Kudu/Scripts/absoluteTar.sh /tmp/zipdeploy/extracted/node_modules /tmp/zipdeploy/extracted/node_modules.tar.gz" /><!-- duration: 36176ms -->
                  <step title="Executing external process" date="2025-12-17T08:45:23.573" type="process" path="starter.sh" arguments="/opt/Kudu/Scripts/parallel_rsync.sh /tmp/zipdeploy/extracted /home/site/wwwroot 8 /tmp/ False False node_modules " /><!-- duration: 9119ms -->
                  <step title="Modified file to trigger a restart of the app container." date="2025-12-17T08:45:33.732" /><!-- duration: 4ms -->
                  <step title="Skip function trigger and logicapp sync because function is not enabled." date="2025-12-17T08:45:33.743" /><!-- duration: 9ms -->
                  <step title="Purge deployment items" date="2025-12-17T08:45:35.021" >
                    <step title="Remove 5e363762-, Success, received at 12/16/2025 01:28:52" date="2025-12-17T08:45:35.097" /><!-- duration: 4ms -->
                  </step><!-- duration: 86ms -->
                </step><!-- duration: 49040ms -->
              </step><!-- duration: 49250ms -->
              <step title="Cleaning up temp files" date="2025-12-17T08:45:35.206" /><!-- duration: 5ms -->
              <step title="Cleaning up temp files" date="2025-12-17T08:45:35.223" /><!-- duration: 524ms -->
              <step title="Reloading status file with latest updates" date="2025-12-17T08:45:35.798" >
                <step title="WebHooksManager.PublishEventAsync: PostDeployment" date="2025-12-17T08:45:35.803" /><!-- duration: 32ms -->
              </step><!-- duration: 41ms -->
              <step title="Cleaning up temporary deployment - fetch deployment was successful" date="2025-12-17T08:45:35.847" /><!-- duration: 4ms -->
            </step><!-- duration: 50132ms -->
          </step><!-- duration: 51949ms -->
          <step title="Outgoing response" date="2025-12-17T08:45:35.954" type="response" statusCode="200" statusText="OK" /><!-- duration: 5ms -->
        </step><!-- duration: 52016ms -->
