<step title="Incoming Request" date="2025-12-17T09:48:19.825" instance="4b281b" url="/api/deployments/latest?deployer=OneDeploy&amp;time=2025-12-17_09-48-03Z" method="GET" type="request" pid="831,1,86" Host="svs-stock-api.scm.azurewebsites.net" User-Agent="GITHUBACTIONS_DeployWebAppToAzure_9c77270b4dc11c65de193eb13ad2e59e3b6f8f2f23b9c7b3dc72a9e29892decc" Authorization="Bea..." Content-Type="application/json; charset=utf-8" Cookie="ARRAffinity=4b281b4a9d9abb39450d23d8928bbaecc835ef9d48685f67465bb26c36f1b731;Path=/;HttpOnly;Secure;Domain=svs-stock-api.scm.azurewebsites.net; ARRAffinitySameSite=4b281b4a9d9abb39450d23d8928bbaecc835ef9d48685f67465bb26c36f1b731;Path=/;HttpOnly;SameSite=None;Secure;Domain=svs-stock-api.scm.azurewebsites.net" Content-Length="0" X-ARR-LOG-ID="242416a5-9660-4b34-a729-2cdb4ef23e77" CLIENT-IP="172.184.219.87:5120" X-SITE-DEPLOYMENT-ID="svs-stock-api" WAS-DEFAULT-HOSTNAME="svs-stock-api.scm.azurewebsites.net" X-Forwarded-Proto="https" X-AppService-Proto="https" X-Forwarded-TlsVersion="1.3" X-WAWS-Unencoded-URL="/api/deployments/latest?deployer=OneDeploy&amp;time=2025-12-17_09-48-03Z" X-Client-IP="172.184.219.87" X-Client-Port="5120" >
  <step title="Cleanup Xml Logs" date="2025-12-17T09:48:19.836" >
    <step title="Cleanup Infos" date="2025-12-17T09:48:19.994" totalFiles="265" totalCleanup="105" /><!-- duration: 92ms -->
  </step><!-- duration: 287ms -->
  <step title="DeploymentService.GetResult" date="2025-12-17T09:48:20.202" >
    <step title="DeploymentService.GetLatestDeployment" date="2025-12-17T09:48:20.242" >
      <step title="DeploymentManager.GetResults" date="2025-12-17T09:48:20.282" /><!-- duration: 1581ms -->
    </step><!-- duration: 1651ms -->
  </step><!-- duration: 1711ms -->
  <step title="Outgoing response" date="2025-12-17T09:48:21.932" type="response" statusCode="202" statusText="Accepted" /><!-- duration: 13ms -->
</step><!-- duration: 2146ms -->
