<step title="Incoming Request" date="2025-12-16T13:37:24.301" instance="4b281b" url="/api/publish?type=zip" method="POST" type="request" pid="831,1,57" Accept="*/*" Host="svs-stock-api.scm.azurewebsites.net" User-Agent="AZURECLI/2.78.0 (HOMEBREW)" Accept-Encoding="gzip, deflate" Authorization="Bea..." Cache-Control="no-cache" Content-Type="application/octet-stream" Cookie="ARRAffinity=4b281b4a9d9abb39450d23d8928bbaecc835ef9d48685f67465bb26c36f1b731; ARRAffinitySameSite=4b281b4a9d9abb39450d23d8928bbaecc835ef9d48685f67465bb26c36f1b731" Content-Length="50464030" x-ms-client-request-id="524b6f38-da84-11f0-b1fc-c6eea053c943" x-ms-artifact-checksum="1ad9031f0ea042e8ad14ab49d0bf5dcc54e050577a09c447c40dd49fec33e8d5" X-ARR-LOG-ID="524b6f38-da84-11f0-b1fc-c6eea053c943" CLIENT-IP="184.22.101.158:54061" X-SITE-DEPLOYMENT-ID="svs-stock-api" WAS-DEFAULT-HOSTNAME="svs-stock-api.scm.azurewebsites.net" X-Forwarded-Proto="https" X-AppService-Proto="https" X-Forwarded-TlsVersion="1.3" X-WAWS-Unencoded-URL="/api/publish?type=zip" X-Client-IP="184.22.101.158" X-Client-Port="54061" >
  <step title="Cleanup Xml Logs" date="2025-12-16T13:37:24.306" /><!-- duration: 20ms -->
  <step title="OneDeploy" date="2025-12-16T13:37:24.373" >
    <step title="Starting PushDeployAsync" date="2025-12-16T13:37:24.407" /><!-- duration: 7ms -->
    <step title="Removing node_modules symlink" date="2025-12-16T13:37:24.433" >
      <step title="Writing artifact to /tmp/zipdeploy/909d6e63-c83e-4ca1-a148-1857245ef2fb.zip" date="2025-12-16T13:37:24.520" >
        <step title="Writing multipart request body to /tmp/zipdeploy/909d6e63-c83e-4ca1-a148-1857245ef2fb.zip" date="2025-12-16T13:37:24.526" /><!-- duration: 11ms -->
      </step><!-- duration: 77814ms -->
      <step title="Attempting to fetch target branch HEAD" date="2025-12-16T13:38:42.385" /><!-- duration: 5ms -->
      <step title="Acquiring Deployment Lock" date="2025-12-16T13:38:42.405" /><!-- duration: 5ms -->
      <step title="Acquired Deployment Lock" date="2025-12-16T13:38:42.467" /><!-- duration: 4ms -->
      <step title="Performing fetch based deployment" date="2025-12-16T13:38:42.484" >
        <step title="Creating temporary deployment" date="2025-12-16T13:38:42.496" /><!-- duration: 96ms -->
        <step title="Releasing Deployment Lock" date="2025-12-16T13:38:43.826" /><!-- duration: 7ms -->
        <step title="Cleaning up temp folders from previous zip deployments and extracting pushed zip file /tmp/zipdeploy/909d6e63-c83e-4ca1-a148-1857245ef2fb.zip (48.13 MB) to /tmp/zipdeploy/extracted" date="2025-12-16T13:38:43.881" >
          <step title="ChmodRecursive Process exited with total time taken in ms: 473" date="2025-12-16T13:39:11.571" /><!-- duration: 17ms -->
        </step><!-- duration: 27719ms -->
        <step title="None repository commit" date="2025-12-16T13:39:11.611" >
          <step title="Commit id: f7072475-66c3-40af-bedf-851f6897a7d1" date="2025-12-16T13:39:11.618" Message="OneDeploy" AuthorName="N/A" AuthorEmail="N/A" /><!-- duration: 6ms -->
        </step><!-- duration: 20ms -->
        <step title="Deployment timer started" date="2025-12-16T13:39:13.644" >
          <step title="DeploymentManager.Deploy(id:f7072475-66c3-40af-bedf-851f6897a7d1)" date="2025-12-16T13:39:13.651" >
            <step title="Collecting changeset information" date="2025-12-16T13:39:13.679" /><!-- duration: 97ms -->
            <step title="Updating submodules" date="2025-12-16T13:39:13.784" /><!-- duration: 1199ms -->
            <step title="Determining deployment builder" date="2025-12-16T13:39:15.261" >
              <step title="Builder is OneDeployBuilder" date="2025-12-16T13:39:15.285" /><!-- duration: 4ms -->
            </step><!-- duration: 33ms -->
            <step title="PreDeployment: context.CleanOutputPath False" date="2025-12-16T13:39:15.372" >
              <step title="PreDeployment: context.OutputPath /home/site/wwwroot" date="2025-12-16T13:39:15.510" >
                <step title="Building" date="2025-12-16T13:39:15.675" >
                  <step title="Executing external process" date="2025-12-16T13:39:16.558" type="process" path="starter.sh" arguments="/opt/Kudu/Scripts/absoluteTar.sh /tmp/zipdeploy/extracted/node_modules /tmp/zipdeploy/extracted/node_modules.tar.gz" /><!-- duration: 33175ms -->
                  <step title="Executing external process" date="2025-12-16T13:39:50.083" type="process" path="starter.sh" arguments="/opt/Kudu/Scripts/parallel_rsync.sh /tmp/zipdeploy/extracted /home/site/wwwroot 8 /tmp/ False False node_modules " /><!-- duration: 12256ms -->
                  <step title="Modified file to trigger a restart of the app container." date="2025-12-16T13:40:04.810" /><!-- duration: 31ms -->
                  <step title="Skip function trigger and logicapp sync because function is not enabled." date="2025-12-16T13:40:04.868" /><!-- duration: 6ms -->
                  <step title="Purge deployment items" date="2025-12-16T13:40:06.350" >
                    <step title="Remove 3a3a7ebe-, Success, received at 12/15/2025 13:08:30" date="2025-12-16T13:40:06.427" /><!-- duration: 4ms -->
                  </step><!-- duration: 85ms -->
                </step><!-- duration: 50833ms -->
              </step><!-- duration: 51004ms -->
              <step title="Cleaning up temp files" date="2025-12-16T13:40:06.524" /><!-- duration: 5ms -->
              <step title="Cleaning up temp files" date="2025-12-16T13:40:06.539" /><!-- duration: 515ms -->
              <step title="Reloading status file with latest updates" date="2025-12-16T13:40:07.095" >
                <step title="WebHooksManager.PublishEventAsync: PostDeployment" date="2025-12-16T13:40:07.100" /><!-- duration: 40ms -->
              </step><!-- duration: 50ms -->
              <step title="Cleaning up temporary deployment - fetch deployment was successful" date="2025-12-16T13:40:07.152" /><!-- duration: 4ms -->
            </step><!-- duration: 51868ms -->
          </step><!-- duration: 53596ms -->
          <step title="Outgoing response" date="2025-12-16T13:40:07.270" type="response" statusCode="200" statusText="OK" /><!-- duration: 12ms -->
        </step><!-- duration: 53654ms -->
