<step title="Incoming Request" date="2025-12-18T21:46:34.649" instance="93ba60" url="/api/deployments/latest?deployer=OneDeploy&amp;time=2025-12-18_21-45-49Z" method="GET" type="request" pid="833,1,72" Host="svs-stock-api.scm.azurewebsites.net" User-Agent="GITHUBACTIONS_DeployWebAppToAzure_9c77270b4dc11c65de193eb13ad2e59e3b6f8f2f23b9c7b3dc72a9e29892decc" Authorization="Bea..." Content-Type="application/json; charset=utf-8" Cookie="ARRAffinity=93ba60693efd27c98d25ac695a6ef440c44ba4652104de2a3ed78f5e62ba7f13;Path=/;HttpOnly;Secure;Domain=svs-stock-api.scm.azurewebsites.net; ARRAffinitySameSite=93ba60693efd27c98d25ac695a6ef440c44ba4652104de2a3ed78f5e62ba7f13;Path=/;HttpOnly;SameSite=None;Secure;Domain=svs-stock-api.scm.azurewebsites.net" Content-Length="0" X-ARR-LOG-ID="31d63069-9774-4062-8a09-bf7c4f520c4d" CLIENT-IP="52.173.178.218:1024" X-SITE-DEPLOYMENT-ID="svs-stock-api" WAS-DEFAULT-HOSTNAME="svs-stock-api.scm.azurewebsites.net" X-Forwarded-Proto="https" X-AppService-Proto="https" X-Forwarded-TlsVersion="1.3" X-WAWS-Unencoded-URL="/api/deployments/latest?deployer=OneDeploy&amp;time=2025-12-18_21-45-49Z" X-Client-IP="52.173.178.218" X-Client-Port="1024" >
  <step title="Cleanup Xml Logs" date="2025-12-18T21:46:34.661" >
    <step title="Cleanup Infos" date="2025-12-18T21:46:34.708" totalFiles="347" totalCleanup="187" /><!-- duration: 17ms -->
  </step><!-- duration: 76ms -->
  <step title="DeploymentService.GetResult" date="2025-12-18T21:46:34.765" >
    <step title="DeploymentService.GetLatestDeployment" date="2025-12-18T21:46:34.776" >
      <step title="DeploymentManager.GetResults" date="2025-12-18T21:46:34.785" /><!-- duration: 1040ms -->
    </step><!-- duration: 1068ms -->
  </step><!-- duration: 1097ms -->
  <step title="Outgoing response" date="2025-12-18T21:46:35.894" type="response" statusCode="202" statusText="Accepted" /><!-- duration: 16ms -->
</step><!-- duration: 1281ms -->
