<step title="Incoming Request" date="2025-12-18T21:38:58.876" instance="93ba60" url="/api/deployments/latest?deployer=OneDeploy&amp;time=2025-12-18_21-37-54Z" method="GET" type="request" pid="833,1,60" Host="svs-stock-api.scm.azurewebsites.net" User-Agent="GITHUBACTIONS_DeployWebAppToAzure_9c77270b4dc11c65de193eb13ad2e59e3b6f8f2f23b9c7b3dc72a9e29892decc" Authorization="Bea..." Content-Type="application/json; charset=utf-8" Cookie="ARRAffinity=93ba60693efd27c98d25ac695a6ef440c44ba4652104de2a3ed78f5e62ba7f13;Path=/;HttpOnly;Secure;Domain=svs-stock-api.scm.azurewebsites.net; ARRAffinitySameSite=93ba60693efd27c98d25ac695a6ef440c44ba4652104de2a3ed78f5e62ba7f13;Path=/;HttpOnly;SameSite=None;Secure;Domain=svs-stock-api.scm.azurewebsites.net" Content-Length="0" X-ARR-LOG-ID="5e9e9788-a654-4e5c-ae31-2dfa99b692fd" CLIENT-IP="40.76.117.229:38848" X-SITE-DEPLOYMENT-ID="svs-stock-api" WAS-DEFAULT-HOSTNAME="svs-stock-api.scm.azurewebsites.net" X-Forwarded-Proto="https" X-AppService-Proto="https" X-Forwarded-TlsVersion="1.3" X-WAWS-Unencoded-URL="/api/deployments/latest?deployer=OneDeploy&amp;time=2025-12-18_21-37-54Z" X-Client-IP="40.76.117.229" X-Client-Port="38848" >
  <step title="Cleanup Xml Logs" date="2025-12-18T21:38:58.886" >
    <step title="Cleanup Infos" date="2025-12-18T21:38:58.924" totalFiles="332" totalCleanup="172" /><!-- duration: 23ms -->
  </step><!-- duration: 70ms -->
  <step title="DeploymentService.GetResult" date="2025-12-18T21:38:58.984" >
    <step title="DeploymentService.GetLatestDeployment" date="2025-12-18T21:38:58.993" >
      <step title="DeploymentManager.GetResults" date="2025-12-18T21:38:59.017" /><!-- duration: 1375ms -->
    </step><!-- duration: 1418ms -->
  </step><!-- duration: 1438ms -->
  <step title="Outgoing response" date="2025-12-18T21:39:00.433" type="response" statusCode="202" statusText="Accepted" /><!-- duration: 28ms -->
</step><!-- duration: 1602ms -->
