<step title="Incoming Request" date="2025-12-17T09:48:28.369" instance="4b281b" url="/api/deployments/latest?deployer=OneDeploy&amp;time=2025-12-17_09-48-03Z" method="GET" type="request" pid="831,1,86" Host="svs-stock-api.scm.azurewebsites.net" User-Agent="GITHUBACTIONS_DeployWebAppToAzure_9c77270b4dc11c65de193eb13ad2e59e3b6f8f2f23b9c7b3dc72a9e29892decc" Authorization="Bea..." Content-Type="application/json; charset=utf-8" Cookie="ARRAffinity=4b281b4a9d9abb39450d23d8928bbaecc835ef9d48685f67465bb26c36f1b731;Path=/;HttpOnly;Secure;Domain=svs-stock-api.scm.azurewebsites.net; ARRAffinitySameSite=4b281b4a9d9abb39450d23d8928bbaecc835ef9d48685f67465bb26c36f1b731;Path=/;HttpOnly;SameSite=None;Secure;Domain=svs-stock-api.scm.azurewebsites.net" Content-Length="0" X-ARR-LOG-ID="cab80386-9508-42ac-b0b0-b23889a8a246" CLIENT-IP="172.184.219.87:5121" X-SITE-DEPLOYMENT-ID="svs-stock-api" WAS-DEFAULT-HOSTNAME="svs-stock-api.scm.azurewebsites.net" X-Forwarded-Proto="https" X-AppService-Proto="https" X-Forwarded-TlsVersion="1.3" X-WAWS-Unencoded-URL="/api/deployments/latest?deployer=OneDeploy&amp;time=2025-12-17_09-48-03Z" X-Client-IP="172.184.219.87" X-Client-Port="5121" >
  <step title="Cleanup Xml Logs" date="2025-12-17T09:48:28.380" >
    <step title="Cleanup Infos" date="2025-12-17T09:48:28.412" totalFiles="266" totalCleanup="106" /><!-- duration: 27ms -->
  </step><!-- duration: 71ms -->
  <step title="DeploymentService.GetResult" date="2025-12-17T09:48:28.500" >
    <step title="DeploymentService.GetLatestDeployment" date="2025-12-17T09:48:28.511" >
      <step title="DeploymentManager.GetResults" date="2025-12-17T09:48:28.523" /><!-- duration: 1358ms -->
    </step><!-- duration: 1401ms -->
  </step><!-- duration: 1483ms -->
  <step title="Outgoing response" date="2025-12-17T09:48:30.022" type="response" statusCode="202" statusText="Accepted" /><!-- duration: 28ms -->
</step><!-- duration: 1701ms -->
