<step title="Incoming Request" date="2025-12-17T09:44:04.955" instance="4b281b" url="/api/publish?async=true&amp;deployer=GITHUB_ONE_DEPLOY&amp;type=zip&amp;message=%7B%22type%22%3A%22deployment%22%2C%22sha%22%3A%228915f0d45b83ca94b9c9bed1825440b51544b97d%22%2C%22repoName%22%3A%22autthapolsaiyat%2FStock-Management-System%22%2C%22actor%22%3A%22autthapolsaiyat%22%2C%22slotName%22%3A%22production%22%2C%22commitMessage%22%3A%22fix%3A%20logo%20position%20center%20between%20addresses%2C%20signature%20placeholder%22%7D" method="POST" type="request" pid="831,1,89" Host="svs-stock-api.scm.azurewebsites.net" User-Agent="GITHUBACTIONS_DeployWebAppToAzure_9c77270b4dc11c65de193eb13ad2e59e3b6f8f2f23b9c7b3dc72a9e29892decc" Authorization="Bea..." Content-Type="application/octet-stream" Cookie="ARRAffinity=4b281b4a9d9abb39450d23d8928bbaecc835ef9d48685f67465bb26c36f1b731;Path=/;HttpOnly;Secure;Domain=svs-stock-api.scm.azurewebsites.net; ARRAffinitySameSite=4b281b4a9d9abb39450d23d8928bbaecc835ef9d48685f67465bb26c36f1b731;Path=/;HttpOnly;SameSite=None;Secure;Domain=svs-stock-api.scm.azurewebsites.net" Transfer-Encoding="chunked" X-ARR-LOG-ID="782fc811-e1a0-4c02-bda7-894f817216f0" CLIENT-IP="172.215.209.100:65472" X-SITE-DEPLOYMENT-ID="svs-stock-api" WAS-DEFAULT-HOSTNAME="svs-stock-api.scm.azurewebsites.net" X-Forwarded-Proto="https" X-AppService-Proto="https" X-Forwarded-TlsVersion="1.3" X-WAWS-Unencoded-URL="/api/publish?async=true&amp;deployer=GITHUB_ONE_DEPLOY&amp;type=zip&amp;message=%7B%22type%22%3A%22deployment%22%2C%22sha%22%3A%228915f0d45b83ca94b9c9bed1825440b51544b97d%22%2C%22repoName%22%3A%22autthapolsaiyat%2FStock-Management-System%22%2C%22actor%22%3A%22autthapolsaiyat%22%2C%22slotName%22%3A%22production%22%2C%22commitMessage%22%3A%22fix%3A%20logo%20position%20center%20between%20addresses%2C%20signature%20placeholder%22%7D" X-Client-IP="172.215.209.100" X-Client-Port="65472" >
  <step title="OneDeploy" date="2025-12-17T09:44:05.066" >
    <step title="Starting PushDeployAsync" date="2025-12-17T09:44:05.146" /><!-- duration: 28ms -->
    <step title="Removing node_modules symlink" date="2025-12-17T09:44:05.216" >
      <step title="Writing artifact to /tmp/zipdeploy/b2fc7b08-5f74-491f-913a-e27e6c13ce6a.zip" date="2025-12-17T09:44:05.659" >
        <step title="Writing multipart request body to /tmp/zipdeploy/b2fc7b08-5f74-491f-913a-e27e6c13ce6a.zip" date="2025-12-17T09:44:05.671" /><!-- duration: 21ms -->
      </step><!-- duration: 2595ms -->
      <step title="Start deployment in the background" date="2025-12-17T09:44:08.276" >
        <step title="Acquiring Deployment Lock" date="2025-12-17T09:44:08.326" /><!-- duration: 15ms -->
        <step title="Acquired Deployment Lock" date="2025-12-17T09:44:08.375" /><!-- duration: 10ms -->
      </step><!-- duration: 224ms -->
    </step><!-- duration: 3310ms -->
    <step title="Outgoing response" date="2025-12-17T09:44:08.535" type="response" statusCode="202" statusText="Accepted" /><!-- duration: 4ms -->
  </step><!-- duration: 3477ms -->
