<step title="Incoming Request" date="2025-12-17T09:08:28.932" instance="4b281b" url="/api/deployments/latest?deployer=OneDeploy&amp;time=2025-12-17_09-07-58Z" method="GET" type="request" pid="831,1,5" Host="svs-stock-api.scm.azurewebsites.net" User-Agent="GITHUBACTIONS_DeployWebAppToAzure_9c77270b4dc11c65de193eb13ad2e59e3b6f8f2f23b9c7b3dc72a9e29892decc" Authorization="Bea..." Content-Type="application/json; charset=utf-8" Cookie="ARRAffinity=4b281b4a9d9abb39450d23d8928bbaecc835ef9d48685f67465bb26c36f1b731;Path=/;HttpOnly;Secure;Domain=svs-stock-api.scm.azurewebsites.net; ARRAffinitySameSite=4b281b4a9d9abb39450d23d8928bbaecc835ef9d48685f67465bb26c36f1b731;Path=/;HttpOnly;SameSite=None;Secure;Domain=svs-stock-api.scm.azurewebsites.net" Content-Length="0" X-ARR-LOG-ID="150eb13c-7f47-4e9d-b6b0-e79c9f2ce116" CLIENT-IP="52.159.229.68:55360" X-SITE-DEPLOYMENT-ID="svs-stock-api" WAS-DEFAULT-HOSTNAME="svs-stock-api.scm.azurewebsites.net" X-Forwarded-Proto="https" X-AppService-Proto="https" X-Forwarded-TlsVersion="1.3" X-WAWS-Unencoded-URL="/api/deployments/latest?deployer=OneDeploy&amp;time=2025-12-17_09-07-58Z" X-Client-IP="52.159.229.68" X-Client-Port="55360" >
  <step title="Cleanup Xml Logs" date="2025-12-17T09:08:28.935" >
    <step title="Cleanup Infos" date="2025-12-17T09:08:28.976" totalFiles="235" totalCleanup="75" /><!-- duration: 7ms -->
  </step><!-- duration: 52ms -->
  <step title="DeploymentService.GetResult" date="2025-12-17T09:08:29.003" >
    <step title="DeploymentService.GetLatestDeployment" date="2025-12-17T09:08:29.011" >
      <step title="DeploymentManager.GetResults" date="2025-12-17T09:08:29.046" /><!-- duration: 2556ms -->
    </step><!-- duration: 2622ms -->
  </step><!-- duration: 2649ms -->
  <step title="Outgoing response" date="2025-12-17T09:08:31.672" type="response" statusCode="202" statusText="Accepted" /><!-- duration: 11ms -->
</step><!-- duration: 2769ms -->
