<step title="Incoming Request" date="2025-12-17T09:45:25.803" instance="4b281b" url="/api/deployments/latest?deployer=OneDeploy&amp;time=2025-12-17_09-44-08Z" method="GET" type="request" pid="831,1,64" Host="svs-stock-api.scm.azurewebsites.net" User-Agent="GITHUBACTIONS_DeployWebAppToAzure_9c77270b4dc11c65de193eb13ad2e59e3b6f8f2f23b9c7b3dc72a9e29892decc" Authorization="Bea..." Content-Type="application/json; charset=utf-8" Cookie="ARRAffinity=4b281b4a9d9abb39450d23d8928bbaecc835ef9d48685f67465bb26c36f1b731;Path=/;HttpOnly;Secure;Domain=svs-stock-api.scm.azurewebsites.net; ARRAffinitySameSite=4b281b4a9d9abb39450d23d8928bbaecc835ef9d48685f67465bb26c36f1b731;Path=/;HttpOnly;SameSite=None;Secure;Domain=svs-stock-api.scm.azurewebsites.net" Content-Length="0" X-ARR-LOG-ID="3fe672d4-1e88-4ba9-9a34-077ad7c259e5" CLIENT-IP="172.215.209.100:65472" X-SITE-DEPLOYMENT-ID="svs-stock-api" WAS-DEFAULT-HOSTNAME="svs-stock-api.scm.azurewebsites.net" X-Forwarded-Proto="https" X-AppService-Proto="https" X-Forwarded-TlsVersion="1.3" X-WAWS-Unencoded-URL="/api/deployments/latest?deployer=OneDeploy&amp;time=2025-12-17_09-44-08Z" X-Client-IP="172.215.209.100" X-Client-Port="65472" >
  <step title="Cleanup Xml Logs" date="2025-12-17T09:45:25.810" >
    <step title="Cleanup Infos" date="2025-12-17T09:45:25.838" totalFiles="258" totalCleanup="98" /><!-- duration: 11ms -->
  </step><!-- duration: 51ms -->
  <step title="DeploymentService.GetResult" date="2025-12-17T09:45:25.902" >
    <step title="DeploymentService.GetLatestDeployment" date="2025-12-17T09:45:25.918" >
      <step title="DeploymentManager.GetResults" date="2025-12-17T09:45:25.949" /><!-- duration: 976ms -->
    </step><!-- duration: 1034ms -->
  </step><!-- duration: 1061ms -->
  <step title="Outgoing response" date="2025-12-17T09:45:26.972" type="response" statusCode="202" statusText="Accepted" /><!-- duration: 13ms -->
</step><!-- duration: 1192ms -->
