<step title="Incoming Request" date="2025-12-17T09:07:54.035" instance="4b281b" url="/api/publish?async=true&amp;deployer=GITHUB_ONE_DEPLOY&amp;type=zip&amp;message=%7B%22type%22%3A%22deployment%22%2C%22sha%22%3A%223a5754fb58fb025223cd5dd94cc428841ee125cd%22%2C%22repoName%22%3A%22autthapolsaiyat%2FStock-Management-System%22%2C%22actor%22%3A%22autthapolsaiyat%22%2C%22slotName%22%3A%22production%22%2C%22commitMessage%22%3A%22feat%3A%20add%20employee%20dropdown%20in%20user%20settings%22%7D" method="POST" type="request" pid="831,1,22" Host="svs-stock-api.scm.azurewebsites.net" User-Agent="GITHUBACTIONS_DeployWebAppToAzure_9c77270b4dc11c65de193eb13ad2e59e3b6f8f2f23b9c7b3dc72a9e29892decc" Authorization="Bea..." Content-Type="application/octet-stream" Cookie="ARRAffinity=4b281b4a9d9abb39450d23d8928bbaecc835ef9d48685f67465bb26c36f1b731;Path=/;HttpOnly;Secure;Domain=svs-stock-api.scm.azurewebsites.net; ARRAffinitySameSite=4b281b4a9d9abb39450d23d8928bbaecc835ef9d48685f67465bb26c36f1b731;Path=/;HttpOnly;SameSite=None;Secure;Domain=svs-stock-api.scm.azurewebsites.net" Transfer-Encoding="chunked" X-ARR-LOG-ID="f4935e6e-df15-4745-89f6-c1eeb7df5453" CLIENT-IP="52.159.229.68:55360" X-SITE-DEPLOYMENT-ID="svs-stock-api" WAS-DEFAULT-HOSTNAME="svs-stock-api.scm.azurewebsites.net" X-Forwarded-Proto="https" X-AppService-Proto="https" X-Forwarded-TlsVersion="1.3" X-WAWS-Unencoded-URL="/api/publish?async=true&amp;deployer=GITHUB_ONE_DEPLOY&amp;type=zip&amp;message=%7B%22type%22%3A%22deployment%22%2C%22sha%22%3A%223a5754fb58fb025223cd5dd94cc428841ee125cd%22%2C%22repoName%22%3A%22autthapolsaiyat%2FStock-Management-System%22%2C%22actor%22%3A%22autthapolsaiyat%22%2C%22slotName%22%3A%22production%22%2C%22commitMessage%22%3A%22feat%3A%20add%20employee%20dropdown%20in%20user%20settings%22%7D" X-Client-IP="52.159.229.68" X-Client-Port="55360" >
  <step title="OneDeploy" date="2025-12-17T09:07:54.082" >
    <step title="Starting PushDeployAsync" date="2025-12-17T09:07:54.099" /><!-- duration: 6ms -->
    <step title="Removing node_modules symlink" date="2025-12-17T09:07:54.155" >
      <step title="Writing artifact to /tmp/zipdeploy/8d3f9ca5-2fa9-473c-b038-f2177563e36d.zip" date="2025-12-17T09:07:54.485" >
        <step title="Writing multipart request body to /tmp/zipdeploy/8d3f9ca5-2fa9-473c-b038-f2177563e36d.zip" date="2025-12-17T09:07:54.496" /><!-- duration: 20ms -->
      </step><!-- duration: 3579ms -->
      <step title="Start deployment in the background" date="2025-12-17T09:07:58.089" >
        <step title="Acquiring Deployment Lock" date="2025-12-17T09:07:58.186" /><!-- duration: 11ms -->
        <step title="Acquired Deployment Lock" date="2025-12-17T09:07:58.241" /><!-- duration: 4ms -->
      </step><!-- duration: 333ms -->
    </step><!-- duration: 4277ms -->
    <step title="Outgoing response" date="2025-12-17T09:07:58.438" type="response" statusCode="202" statusText="Accepted" /><!-- duration: 4ms -->
  </step><!-- duration: 4365ms -->
