<step title="Incoming Request" date="2025-12-17T08:08:11.345" instance="4b281b" url="/api/publish?type=zip" method="POST" type="request" pid="831,1,33" Accept="*/*" Host="svs-stock-api.scm.azurewebsites.net" User-Agent="AZURECLI/2.78.0 (HOMEBREW)" Accept-Encoding="gzip, deflate" Authorization="Bea..." Cache-Control="no-cache" Content-Type="application/octet-stream" Cookie="ARRAffinity=4b281b4a9d9abb39450d23d8928bbaecc835ef9d48685f67465bb26c36f1b731; ARRAffinitySameSite=4b281b4a9d9abb39450d23d8928bbaecc835ef9d48685f67465bb26c36f1b731" Content-Length="50464984" x-ms-client-request-id="808a239e-db1f-11f0-94e3-c6eea053c943" x-ms-artifact-checksum="1d035dd61292e053ca7b4395da888583fe8459d75b9030912712aaf95b8a4434" X-ARR-LOG-ID="808a239e-db1f-11f0-94e3-c6eea053c943" CLIENT-IP="184.22.101.158:56301" X-SITE-DEPLOYMENT-ID="svs-stock-api" WAS-DEFAULT-HOSTNAME="svs-stock-api.scm.azurewebsites.net" X-Forwarded-Proto="https" X-AppService-Proto="https" X-Forwarded-TlsVersion="1.3" X-WAWS-Unencoded-URL="/api/publish?type=zip" X-Client-IP="184.22.101.158" X-Client-Port="56301" >
  <step title="OneDeploy" date="2025-12-17T08:08:11.422" >
    <step title="Starting PushDeployAsync" date="2025-12-17T08:08:11.443" /><!-- duration: 6ms -->
    <step title="Removing node_modules symlink" date="2025-12-17T08:08:11.480" >
      <step title="Writing artifact to /tmp/zipdeploy/2dc50448-0e10-43b3-84f2-186ae312ad6d.zip" date="2025-12-17T08:08:11.595" >
        <step title="Writing multipart request body to /tmp/zipdeploy/2dc50448-0e10-43b3-84f2-186ae312ad6d.zip" date="2025-12-17T08:08:11.612" /><!-- duration: 13ms -->
      </step><!-- duration: 2054ms -->
      <step title="Attempting to fetch target branch HEAD" date="2025-12-17T08:08:13.670" /><!-- duration: 4ms -->
      <step title="Acquiring Deployment Lock" date="2025-12-17T08:08:13.684" /><!-- duration: 5ms -->
      <step title="Acquired Deployment Lock" date="2025-12-17T08:08:13.723" /><!-- duration: 5ms -->
      <step title="Performing fetch based deployment" date="2025-12-17T08:08:13.739" >
        <step title="Creating temporary deployment" date="2025-12-17T08:08:13.745" /><!-- duration: 76ms -->
        <step title="Releasing Deployment Lock" date="2025-12-17T08:08:14.980" /><!-- duration: 8ms -->
        <step title="Cleaning up temp folders from previous zip deployments and extracting pushed zip file /tmp/zipdeploy/2dc50448-0e10-43b3-84f2-186ae312ad6d.zip (48.13 MB) to /tmp/zipdeploy/extracted" date="2025-12-17T08:08:15.042" >
          <step title="ChmodRecursive Process exited with total time taken in ms: 112" date="2025-12-17T08:08:38.017" /><!-- duration: 15ms -->
        </step><!-- duration: 23002ms -->
        <step title="None repository commit" date="2025-12-17T08:08:38.053" >
          <step title="Commit id: a0c08732-83f7-4200-bbd2-fd2f6f806fb6" date="2025-12-17T08:08:38.058" Message="OneDeploy" AuthorName="N/A" AuthorEmail="N/A" /><!-- duration: 7ms -->
        </step><!-- duration: 17ms -->
        <step title="Deployment timer started" date="2025-12-17T08:08:40.078" >
          <step title="DeploymentManager.Deploy(id:a0c08732-83f7-4200-bbd2-fd2f6f806fb6)" date="2025-12-17T08:08:40.086" >
            <step title="Collecting changeset information" date="2025-12-17T08:08:40.116" /><!-- duration: 114ms -->
            <step title="Updating submodules" date="2025-12-17T08:08:40.240" /><!-- duration: 1254ms -->
            <step title="Determining deployment builder" date="2025-12-17T08:08:41.786" >
              <step title="Builder is OneDeployBuilder" date="2025-12-17T08:08:41.800" /><!-- duration: 7ms -->
            </step><!-- duration: 26ms -->
            <step title="PreDeployment: context.CleanOutputPath False" date="2025-12-17T08:08:41.873" >
              <step title="PreDeployment: context.OutputPath /home/site/wwwroot" date="2025-12-17T08:08:42.032" >
                <step title="Building" date="2025-12-17T08:08:42.192" >
                  <step title="Executing external process" date="2025-12-17T08:08:43.033" type="process" path="starter.sh" arguments="/opt/Kudu/Scripts/absoluteTar.sh /tmp/zipdeploy/extracted/node_modules /tmp/zipdeploy/extracted/node_modules.tar.gz" /><!-- duration: 35043ms -->
                  <step title="Executing external process" date="2025-12-17T08:09:18.415" type="process" path="starter.sh" arguments="/opt/Kudu/Scripts/parallel_rsync.sh /tmp/zipdeploy/extracted /home/site/wwwroot 8 /tmp/ False False node_modules " /><!-- duration: 10562ms -->
                  <step title="Modified file to trigger a restart of the app container." date="2025-12-17T08:09:29.953" /><!-- duration: 4ms -->
                  <step title="Skip function trigger and logicapp sync because function is not enabled." date="2025-12-17T08:09:29.964" /><!-- duration: 9ms -->
                  <step title="Purge deployment items" date="2025-12-17T08:09:31.235" >
                    <step title="Remove c4c9f595-, Success, received at 12/15/2025 21:52:50" date="2025-12-17T08:09:31.306" /><!-- duration: 7ms -->
                  </step><!-- duration: 83ms -->
                </step><!-- duration: 49205ms -->
              </step><!-- duration: 49374ms -->
              <step title="Cleaning up temp files" date="2025-12-17T08:09:31.411" /><!-- duration: 5ms -->
              <step title="Cleaning up temp files" date="2025-12-17T08:09:31.433" /><!-- duration: 513ms -->
              <step title="Reloading status file with latest updates" date="2025-12-17T08:09:32.001" >
                <step title="WebHooksManager.PublishEventAsync: PostDeployment" date="2025-12-17T08:09:32.006" /><!-- duration: 54ms -->
              </step><!-- duration: 63ms -->
              <step title="Cleaning up temporary deployment - fetch deployment was successful" date="2025-12-17T08:09:32.072" /><!-- duration: 4ms -->
            </step><!-- duration: 50284ms -->
          </step><!-- duration: 52080ms -->
          <step title="Outgoing response" date="2025-12-17T08:09:32.175" type="response" statusCode="200" statusText="OK" /><!-- duration: 5ms -->
        </step><!-- duration: 52107ms -->
