<step title="Incoming Request" date="2025-12-17T09:49:26.045" instance="4b281b" url="/api/deployments/latest?deployer=OneDeploy&amp;time=2025-12-17_09-48-03Z" method="GET" type="request" pid="831,1,30" Host="svs-stock-api.scm.azurewebsites.net" User-Agent="GITHUBACTIONS_DeployWebAppToAzure_9c77270b4dc11c65de193eb13ad2e59e3b6f8f2f23b9c7b3dc72a9e29892decc" Authorization="Bea..." Content-Type="application/json; charset=utf-8" Cookie="ARRAffinity=4b281b4a9d9abb39450d23d8928bbaecc835ef9d48685f67465bb26c36f1b731;Path=/;HttpOnly;Secure;Domain=svs-stock-api.scm.azurewebsites.net; ARRAffinitySameSite=4b281b4a9d9abb39450d23d8928bbaecc835ef9d48685f67465bb26c36f1b731;Path=/;HttpOnly;SameSite=None;Secure;Domain=svs-stock-api.scm.azurewebsites.net" Content-Length="0" X-ARR-LOG-ID="1d4804cd-4a67-40bd-81d3-91c67f6e329f" CLIENT-IP="172.184.219.87:5121" X-SITE-DEPLOYMENT-ID="svs-stock-api" WAS-DEFAULT-HOSTNAME="svs-stock-api.scm.azurewebsites.net" X-Forwarded-Proto="https" X-AppService-Proto="https" X-Forwarded-TlsVersion="1.3" X-WAWS-Unencoded-URL="/api/deployments/latest?deployer=OneDeploy&amp;time=2025-12-17_09-48-03Z" X-Client-IP="172.184.219.87" X-Client-Port="5121" >
  <step title="Cleanup Xml Logs" date="2025-12-17T09:49:26.049" >
    <step title="Cleanup Infos" date="2025-12-17T09:49:26.084" totalFiles="274" totalCleanup="114" /><!-- duration: 11ms -->
  </step><!-- duration: 55ms -->
  <step title="DeploymentService.GetResult" date="2025-12-17T09:49:26.155" >
    <step title="DeploymentService.GetLatestDeployment" date="2025-12-17T09:49:26.165" >
      <step title="DeploymentManager.GetResults" date="2025-12-17T09:49:26.200" /><!-- duration: 942ms -->
    </step><!-- duration: 986ms -->
  </step><!-- duration: 1000ms -->
  <step title="Outgoing response" date="2025-12-17T09:49:27.159" type="response" statusCode="202" statusText="Accepted" /><!-- duration: 4ms -->
</step><!-- duration: 1122ms -->
