<step title="Incoming Request" date="2025-12-17T09:08:45.118" instance="4b281b" url="/api/deployments/latest?deployer=OneDeploy&amp;time=2025-12-17_09-07-58Z" method="GET" type="request" pid="831,1,16" Host="svs-stock-api.scm.azurewebsites.net" User-Agent="GITHUBACTIONS_DeployWebAppToAzure_9c77270b4dc11c65de193eb13ad2e59e3b6f8f2f23b9c7b3dc72a9e29892decc" Authorization="Bea..." Content-Type="application/json; charset=utf-8" Cookie="ARRAffinity=4b281b4a9d9abb39450d23d8928bbaecc835ef9d48685f67465bb26c36f1b731;Path=/;HttpOnly;Secure;Domain=svs-stock-api.scm.azurewebsites.net; ARRAffinitySameSite=4b281b4a9d9abb39450d23d8928bbaecc835ef9d48685f67465bb26c36f1b731;Path=/;HttpOnly;SameSite=None;Secure;Domain=svs-stock-api.scm.azurewebsites.net" Content-Length="0" X-ARR-LOG-ID="17021519-8ba1-4196-8238-650c6b42066f" CLIENT-IP="52.159.229.68:55360" X-SITE-DEPLOYMENT-ID="svs-stock-api" WAS-DEFAULT-HOSTNAME="svs-stock-api.scm.azurewebsites.net" X-Forwarded-Proto="https" X-AppService-Proto="https" X-Forwarded-TlsVersion="1.3" X-WAWS-Unencoded-URL="/api/deployments/latest?deployer=OneDeploy&amp;time=2025-12-17_09-07-58Z" X-Client-IP="52.159.229.68" X-Client-Port="55360" >
  <step title="Cleanup Xml Logs" date="2025-12-17T09:08:45.128" >
    <step title="Cleanup Infos" date="2025-12-17T09:08:45.178" totalFiles="237" totalCleanup="77" /><!-- duration: 32ms -->
  </step><!-- duration: 102ms -->
  <step title="DeploymentService.GetResult" date="2025-12-17T09:08:45.260" >
    <step title="DeploymentService.GetLatestDeployment" date="2025-12-17T09:08:45.278" >
      <step title="DeploymentManager.GetResults" date="2025-12-17T09:08:45.290" /><!-- duration: 1355ms -->
    </step><!-- duration: 1397ms -->
  </step><!-- duration: 1455ms -->
  <step title="Outgoing response" date="2025-12-17T09:08:46.742" type="response" statusCode="202" statusText="Accepted" /><!-- duration: 12ms -->
</step><!-- duration: 1645ms -->
