<step title="Incoming Request" date="2025-12-16T02:12:44.837" instance="4b281b" url="/api/publish?type=zip" method="POST" type="request" pid="831,1,84" Accept="*/*" Host="svs-stock-api.scm.azurewebsites.net" User-Agent="AZURECLI/2.78.0 (HOMEBREW)" Accept-Encoding="gzip, deflate" Authorization="Bea..." Cache-Control="no-cache" Content-Type="application/octet-stream" Cookie="ARRAffinity=4b281b4a9d9abb39450d23d8928bbaecc835ef9d48685f67465bb26c36f1b731; ARRAffinitySameSite=4b281b4a9d9abb39450d23d8928bbaecc835ef9d48685f67465bb26c36f1b731" Content-Length="50464030" x-ms-client-request-id="ae8746ba-da24-11f0-b070-c6eea053c943" x-ms-artifact-checksum="ce6409360ee6504e0eceec3bac7774782df941256241ef1c66aa8ae28ca19814" X-ARR-LOG-ID="ae8746ba-da24-11f0-b070-c6eea053c943" CLIENT-IP="184.22.101.158:57560" X-SITE-DEPLOYMENT-ID="svs-stock-api" WAS-DEFAULT-HOSTNAME="svs-stock-api.scm.azurewebsites.net" X-Forwarded-Proto="https" X-AppService-Proto="https" X-Forwarded-TlsVersion="1.3" X-WAWS-Unencoded-URL="/api/publish?type=zip" X-Client-IP="184.22.101.158" X-Client-Port="57560" >
  <step title="OneDeploy" date="2025-12-16T02:12:44.937" >
    <step title="Starting PushDeployAsync" date="2025-12-16T02:12:44.998" /><!-- duration: 11ms -->
    <step title="Removing node_modules symlink" date="2025-12-16T02:12:45.068" >
      <step title="Writing artifact to /tmp/zipdeploy/92baceeb-45ab-4302-9c1f-242f80b18bb0.zip" date="2025-12-16T02:12:45.178" >
        <step title="Writing multipart request body to /tmp/zipdeploy/92baceeb-45ab-4302-9c1f-242f80b18bb0.zip" date="2025-12-16T02:12:45.186" /><!-- duration: 31ms -->
      </step><!-- duration: 3892ms -->
      <step title="Attempting to fetch target branch HEAD" date="2025-12-16T02:12:49.151" /><!-- duration: 17ms -->
      <step title="Acquiring Deployment Lock" date="2025-12-16T02:12:49.191" /><!-- duration: 40ms -->
      <step title="Acquired Deployment Lock" date="2025-12-16T02:12:49.483" /><!-- duration: 17ms -->
      <step title="Performing fetch based deployment" date="2025-12-16T02:12:49.522" >
        <step title="Creating temporary deployment" date="2025-12-16T02:12:49.578" /><!-- duration: 201ms -->
        <step title="Releasing Deployment Lock" date="2025-12-16T02:12:51.073" /><!-- duration: 7ms -->
        <step title="Cleaning up temp folders from previous zip deployments and extracting pushed zip file /tmp/zipdeploy/92baceeb-45ab-4302-9c1f-242f80b18bb0.zip (48.13 MB) to /tmp/zipdeploy/extracted" date="2025-12-16T02:12:51.122" >
          <step title="ChmodRecursive Process exited with total time taken in ms: 890" date="2025-12-16T02:13:13.478" /><!-- duration: 9ms -->
        </step><!-- duration: 22372ms -->
        <step title="None repository commit" date="2025-12-16T02:13:13.502" >
          <step title="Commit id: d6c713e9-79d2-4c02-9d61-dc4143b328af" date="2025-12-16T02:13:13.514" Message="OneDeploy" AuthorName="N/A" AuthorEmail="N/A" /><!-- duration: 5ms -->
        </step><!-- duration: 23ms -->
        <step title="Deployment timer started" date="2025-12-16T02:13:15.531" >
          <step title="DeploymentManager.Deploy(id:d6c713e9-79d2-4c02-9d61-dc4143b328af)" date="2025-12-16T02:13:15.540" >
            <step title="Collecting changeset information" date="2025-12-16T02:13:15.571" /><!-- duration: 112ms -->
            <step title="Updating submodules" date="2025-12-16T02:13:15.693" /><!-- duration: 1192ms -->
            <step title="Determining deployment builder" date="2025-12-16T02:13:17.151" >
              <step title="Builder is OneDeployBuilder" date="2025-12-16T02:13:17.167" /><!-- duration: 6ms -->
            </step><!-- duration: 30ms -->
            <step title="PreDeployment: context.CleanOutputPath False" date="2025-12-16T02:13:17.250" >
              <step title="PreDeployment: context.OutputPath /home/site/wwwroot" date="2025-12-16T02:13:17.397" >
                <step title="Building" date="2025-12-16T02:13:17.571" >
                  <step title="Executing external process" date="2025-12-16T02:13:18.409" type="process" path="starter.sh" arguments="/opt/Kudu/Scripts/absoluteTar.sh /tmp/zipdeploy/extracted/node_modules /tmp/zipdeploy/extracted/node_modules.tar.gz" /><!-- duration: 35888ms -->
                  <step title="Executing external process" date="2025-12-16T02:13:54.653" type="process" path="starter.sh" arguments="/opt/Kudu/Scripts/parallel_rsync.sh /tmp/zipdeploy/extracted /home/site/wwwroot 8 /tmp/ False False node_modules " /><!-- duration: 15953ms -->
                  <step title="Modified file to trigger a restart of the app container." date="2025-12-16T02:14:11.572" /><!-- duration: 7ms -->
                  <step title="Skip function trigger and logicapp sync because function is not enabled." date="2025-12-16T02:14:11.584" /><!-- duration: 6ms -->
                  <step title="Purge deployment items" date="2025-12-16T02:14:12.969" >
                    <step title="Remove d6897a20-, Success, received at 12/15/2025 12:37:56" date="2025-12-16T02:14:13.037" /><!-- duration: 6ms -->
                  </step><!-- duration: 79ms -->
                </step><!-- duration: 55558ms -->
              </step><!-- duration: 55737ms -->
              <step title="Cleaning up temp files" date="2025-12-16T02:14:13.139" /><!-- duration: 18ms -->
              <step title="Cleaning up temp files" date="2025-12-16T02:14:13.162" /><!-- duration: 519ms -->
              <step title="Reloading status file with latest updates" date="2025-12-16T02:14:13.737" >
                <step title="WebHooksManager.PublishEventAsync: PostDeployment" date="2025-12-16T02:14:13.742" /><!-- duration: 69ms -->
              </step><!-- duration: 89ms -->
              <step title="Cleaning up temporary deployment - fetch deployment was successful" date="2025-12-16T02:14:13.837" /><!-- duration: 4ms -->
            </step><!-- duration: 56680ms -->
          </step><!-- duration: 58409ms -->
          <step title="Outgoing response" date="2025-12-16T02:14:13.969" type="response" statusCode="200" statusText="OK" /><!-- duration: 12ms -->
        </step><!-- duration: 58463ms -->
