<step title="Incoming Request" date="2025-12-16T01:52:42.455" instance="4b281b" url="/api/publish?async=true&amp;deployer=GITHUB_ONE_DEPLOY&amp;type=zip&amp;message=%7B%22type%22%3A%22deployment%22%2C%22sha%22%3A%22dec301877a863bc89ba3398a95605ea1c2cb0aa0%22%2C%22repoName%22%3A%22autthapolsaiyat%2FStock-Management-System%22%2C%22actor%22%3A%22autthapolsaiyat%22%2C%22slotName%22%3A%22production%22%2C%22commitMessage%22%3A%22feat%3A%20add%20user%20settings%20%2B%20reimport%20customers%20with%20contact%20info%5Cn%5Cn-%20User%20settings%20page%20(seller%20info%2C%20quotation%20defaults)%5Cn-%20Reimport%20388%20customers%20with%20contact%20person%2C%20phone%2C%20email%5Cn-%20Add%20note%20field%20for%20extra%20info%22%7D" method="POST" type="request" pid="831,1,7" Host="svs-stock-api.scm.azurewebsites.net" User-Agent="GITHUBACTIONS_DeployWebAppToAzure_9c77270b4dc11c65de193eb13ad2e59e3b6f8f2f23b9c7b3dc72a9e29892decc" Authorization="Bea..." Content-Type="application/octet-stream" Cookie="ARRAffinity=4b281b4a9d9abb39450d23d8928bbaecc835ef9d48685f67465bb26c36f1b731;Path=/;HttpOnly;Secure;Domain=svs-stock-api.scm.azurewebsites.net; ARRAffinitySameSite=4b281b4a9d9abb39450d23d8928bbaecc835ef9d48685f67465bb26c36f1b731;Path=/;HttpOnly;SameSite=None;Secure;Domain=svs-stock-api.scm.azurewebsites.net" Transfer-Encoding="chunked" X-ARR-LOG-ID="d74df5c7-cd06-4992-9877-e2e194e46edc" CLIENT-IP="64.236.177.115:26624" X-SITE-DEPLOYMENT-ID="svs-stock-api" WAS-DEFAULT-HOSTNAME="svs-stock-api.scm.azurewebsites.net" X-Forwarded-Proto="https" X-AppService-Proto="https" X-Forwarded-TlsVersion="1.3" X-WAWS-Unencoded-URL="/api/publish?async=true&amp;deployer=GITHUB_ONE_DEPLOY&amp;type=zip&amp;message=%7B%22type%22%3A%22deployment%22%2C%22sha%22%3A%22dec301877a863bc89ba3398a95605ea1c2cb0aa0%22%2C%22repoName%22%3A%22autthapolsaiyat%2FStock-Management-System%22%2C%22actor%22%3A%22autthapolsaiyat%22%2C%22slotName%22%3A%22production%22%2C%22commitMessage%22%3A%22feat%3A%20add%20user%20settings%20%2B%20reimport%20customers%20with%20contact%20info%5Cn%5Cn-%20User%20settings%20page%20(seller%20info%2C%20quotation%20defaults)%5Cn-%20Reimport%20388%20customers%20with%20contact%20person%2C%20phone%2C%20email%5Cn-%20Add%20note%20field%20for%20extra%20info%22%7D" X-Client-IP="64.236.177.115" X-Client-Port="26624" >
  <step title="OneDeploy" date="2025-12-16T01:52:42.517" >
    <step title="Starting PushDeployAsync" date="2025-12-16T01:52:42.581" /><!-- duration: 10ms -->
    <step title="Removing node_modules symlink" date="2025-12-16T01:52:42.616" >
      <step title="Writing artifact to /tmp/zipdeploy/00941e20-68fb-48bd-b847-c537db3b69e0.zip" date="2025-12-16T01:52:42.691" >
        <step title="Writing multipart request body to /tmp/zipdeploy/00941e20-68fb-48bd-b847-c537db3b69e0.zip" date="2025-12-16T01:52:42.702" /><!-- duration: 9ms -->
      </step><!-- duration: 21496ms -->
      <step title="Start deployment in the background" date="2025-12-16T01:53:04.210" >
        <step title="Acquiring Deployment Lock" date="2025-12-16T01:53:04.248" /><!-- duration: 7ms -->
        <step title="Acquired Deployment Lock" date="2025-12-16T01:53:04.289" /><!-- duration: 5ms -->
      </step><!-- duration: 204ms -->
    </step><!-- duration: 21806ms -->
    <step title="Outgoing response" date="2025-12-16T01:53:04.428" type="response" statusCode="202" statusText="Accepted" /><!-- duration: 6ms -->
  </step><!-- duration: 21924ms -->
