<step title="Incoming Request" date="2025-12-18T12:16:01.294" instance="93ba60" url="/api/deployments/latest?deployer=OneDeploy&amp;time=2025-12-18_12-14-49Z" method="GET" type="request" pid="833,1,43" Host="svs-stock-api.scm.azurewebsites.net" User-Agent="GITHUBACTIONS_DeployWebAppToAzure_9c77270b4dc11c65de193eb13ad2e59e3b6f8f2f23b9c7b3dc72a9e29892decc" Authorization="Bea..." Content-Type="application/json; charset=utf-8" Cookie="ARRAffinity=93ba60693efd27c98d25ac695a6ef440c44ba4652104de2a3ed78f5e62ba7f13;Path=/;HttpOnly;Secure;Domain=svs-stock-api.scm.azurewebsites.net; ARRAffinitySameSite=93ba60693efd27c98d25ac695a6ef440c44ba4652104de2a3ed78f5e62ba7f13;Path=/;HttpOnly;SameSite=None;Secure;Domain=svs-stock-api.scm.azurewebsites.net" Content-Length="0" X-ARR-LOG-ID="e4356a9a-dcf8-441f-b115-f55bcc8ba268" CLIENT-IP="135.232.200.34:21442" X-SITE-DEPLOYMENT-ID="svs-stock-api" WAS-DEFAULT-HOSTNAME="svs-stock-api.scm.azurewebsites.net" X-Forwarded-Proto="https" X-AppService-Proto="https" X-Forwarded-TlsVersion="1.3" X-WAWS-Unencoded-URL="/api/deployments/latest?deployer=OneDeploy&amp;time=2025-12-18_12-14-49Z" X-Client-IP="135.232.200.34" X-Client-Port="21442" >
  <step title="Cleanup Xml Logs" date="2025-12-18T12:16:01.303" >
    <step title="Cleanup Infos" date="2025-12-18T12:16:01.328" totalFiles="314" totalCleanup="154" /><!-- duration: 15ms -->
  </step><!-- duration: 50ms -->
  <step title="DeploymentService.GetResult" date="2025-12-18T12:16:01.401" >
    <step title="DeploymentService.GetLatestDeployment" date="2025-12-18T12:16:01.411" >
      <step title="DeploymentManager.GetResults" date="2025-12-18T12:16:01.422" /><!-- duration: 1338ms -->
    </step><!-- duration: 1374ms -->
  </step><!-- duration: 1413ms -->
  <step title="Outgoing response" date="2025-12-18T12:16:02.832" type="response" statusCode="202" statusText="Accepted" /><!-- duration: 12ms -->
</step><!-- duration: 1586ms -->
