<step title="Incoming Request" date="2025-12-15T13:43:19.674" instance="4b281b" url="/api/publish?async=true&amp;deployer=GITHUB_ONE_DEPLOY&amp;type=zip&amp;message=%7B%22type%22%3A%22deployment%22%2C%22sha%22%3A%22746df75de13ee0e38e93c4f4685a2893a4f1e9ea%22%2C%22repoName%22%3A%22autthapolsaiyat%2FStock-Management-System%22%2C%22actor%22%3A%22autthapolsaiyat%22%2C%22slotName%22%3A%22production%22%2C%22commitMessage%22%3A%22%22%7D" method="POST" type="request" pid="831,1,32" Host="svs-stock-api.scm.azurewebsites.net" User-Agent="GITHUBACTIONS_DeployWebAppToAzure_9c77270b4dc11c65de193eb13ad2e59e3b6f8f2f23b9c7b3dc72a9e29892decc" Authorization="Bea..." Content-Type="application/octet-stream" Cookie="ARRAffinity=4b281b4a9d9abb39450d23d8928bbaecc835ef9d48685f67465bb26c36f1b731;Path=/;HttpOnly;Secure;Domain=svs-stock-api.scm.azurewebsites.net; ARRAffinitySameSite=4b281b4a9d9abb39450d23d8928bbaecc835ef9d48685f67465bb26c36f1b731;Path=/;HttpOnly;SameSite=None;Secure;Domain=svs-stock-api.scm.azurewebsites.net" Transfer-Encoding="chunked" X-ARR-LOG-ID="e94ffea7-1427-439a-98de-97bd9e661af6" CLIENT-IP="135.232.232.59:41984" X-SITE-DEPLOYMENT-ID="svs-stock-api" WAS-DEFAULT-HOSTNAME="svs-stock-api.scm.azurewebsites.net" X-Forwarded-Proto="https" X-AppService-Proto="https" X-Forwarded-TlsVersion="1.3" X-WAWS-Unencoded-URL="/api/publish?async=true&amp;deployer=GITHUB_ONE_DEPLOY&amp;type=zip&amp;message=%7B%22type%22%3A%22deployment%22%2C%22sha%22%3A%22746df75de13ee0e38e93c4f4685a2893a4f1e9ea%22%2C%22repoName%22%3A%22autthapolsaiyat%2FStock-Management-System%22%2C%22actor%22%3A%22autthapolsaiyat%22%2C%22slotName%22%3A%22production%22%2C%22commitMessage%22%3A%22%22%7D" X-Client-IP="135.232.232.59" X-Client-Port="41984" >
  <step title="OneDeploy" date="2025-12-15T13:43:19.765" >
    <step title="Starting PushDeployAsync" date="2025-12-15T13:43:19.782" /><!-- duration: 7ms -->
    <step title="Removing node_modules symlink" date="2025-12-15T13:43:19.813" >
      <step title="Writing artifact to /tmp/zipdeploy/40fdc374-203d-469b-b28e-bb1df63f785d.zip" date="2025-12-15T13:43:19.920" >
        <step title="Writing multipart request body to /tmp/zipdeploy/40fdc374-203d-469b-b28e-bb1df63f785d.zip" date="2025-12-15T13:43:19.927" /><!-- duration: 14ms -->
      </step><!-- duration: 3828ms -->
      <step title="Start deployment in the background" date="2025-12-15T13:43:23.769" >
        <step title="Acquiring Deployment Lock" date="2025-12-15T13:43:23.807" /><!-- duration: 5ms -->
        <step title="Acquired Deployment Lock" date="2025-12-15T13:43:23.895" /><!-- duration: 6ms -->
      </step><!-- duration: 262ms -->
    </step><!-- duration: 4244ms -->
    <step title="Outgoing response" date="2025-12-15T13:43:24.069" type="response" statusCode="202" statusText="Accepted" /><!-- duration: 11ms -->
  </step><!-- duration: 4319ms -->
