<step title="Incoming Request" date="2025-12-17T09:44:45.933" instance="4b281b" url="/api/deployments/latest?deployer=OneDeploy&amp;time=2025-12-17_09-44-08Z" method="GET" type="request" pid="831,1,66" Host="svs-stock-api.scm.azurewebsites.net" User-Agent="GITHUBACTIONS_DeployWebAppToAzure_9c77270b4dc11c65de193eb13ad2e59e3b6f8f2f23b9c7b3dc72a9e29892decc" Authorization="Bea..." Content-Type="application/json; charset=utf-8" Cookie="ARRAffinity=4b281b4a9d9abb39450d23d8928bbaecc835ef9d48685f67465bb26c36f1b731;Path=/;HttpOnly;Secure;Domain=svs-stock-api.scm.azurewebsites.net; ARRAffinitySameSite=4b281b4a9d9abb39450d23d8928bbaecc835ef9d48685f67465bb26c36f1b731;Path=/;HttpOnly;SameSite=None;Secure;Domain=svs-stock-api.scm.azurewebsites.net" Content-Length="0" X-ARR-LOG-ID="98899a9c-dd0f-4dc4-89fe-6d1ea68d5e33" CLIENT-IP="172.215.209.100:65474" X-SITE-DEPLOYMENT-ID="svs-stock-api" WAS-DEFAULT-HOSTNAME="svs-stock-api.scm.azurewebsites.net" X-Forwarded-Proto="https" X-AppService-Proto="https" X-Forwarded-TlsVersion="1.3" X-WAWS-Unencoded-URL="/api/deployments/latest?deployer=OneDeploy&amp;time=2025-12-17_09-44-08Z" X-Client-IP="172.215.209.100" X-Client-Port="65474" >
  <step title="Cleanup Xml Logs" date="2025-12-17T09:44:45.953" >
    <step title="Cleanup Infos" date="2025-12-17T09:44:46.001" totalFiles="253" totalCleanup="93" /><!-- duration: 33ms -->
  </step><!-- duration: 118ms -->
  <step title="DeploymentService.GetResult" date="2025-12-17T09:44:46.191" >
    <step title="DeploymentService.GetLatestDeployment" date="2025-12-17T09:44:46.203" >
      <step title="DeploymentManager.GetResults" date="2025-12-17T09:44:46.230" /><!-- duration: 1674ms -->
    </step><!-- duration: 1723ms -->
  </step><!-- duration: 1754ms -->
  <step title="Outgoing response" date="2025-12-17T09:44:47.956" type="response" statusCode="202" statusText="Accepted" /><!-- duration: 18ms -->
</step><!-- duration: 2052ms -->
