<step title="Incoming Request" date="2025-12-19T06:15:20.327" instance="93ba60" url="/api/deployments/latest?deployer=OneDeploy&amp;time=2025-12-19_06-14-11Z" method="GET" type="request" pid="833,1,58" Host="svs-stock-api.scm.azurewebsites.net" User-Agent="GITHUBACTIONS_DeployWebAppToAzure_9c77270b4dc11c65de193eb13ad2e59e3b6f8f2f23b9c7b3dc72a9e29892decc" Authorization="Bea..." Content-Type="application/json; charset=utf-8" Cookie="ARRAffinity=93ba60693efd27c98d25ac695a6ef440c44ba4652104de2a3ed78f5e62ba7f13;Path=/;HttpOnly;Secure;Domain=svs-stock-api.scm.azurewebsites.net; ARRAffinitySameSite=93ba60693efd27c98d25ac695a6ef440c44ba4652104de2a3ed78f5e62ba7f13;Path=/;HttpOnly;SameSite=None;Secure;Domain=svs-stock-api.scm.azurewebsites.net" Content-Length="0" X-ARR-LOG-ID="5ee0b84d-19de-4b5d-9329-b94009102274" CLIENT-IP="64.236.143.35:42002" X-SITE-DEPLOYMENT-ID="svs-stock-api" WAS-DEFAULT-HOSTNAME="svs-stock-api.scm.azurewebsites.net" X-Forwarded-Proto="https" X-AppService-Proto="https" X-Forwarded-TlsVersion="1.3" X-WAWS-Unencoded-URL="/api/deployments/latest?deployer=OneDeploy&amp;time=2025-12-19_06-14-11Z" X-Client-IP="64.236.143.35" X-Client-Port="42002" >
  <step title="Cleanup Xml Logs" date="2025-12-19T06:15:20.343" >
    <step title="Cleanup Infos" date="2025-12-19T06:15:20.390" totalFiles="445" totalCleanup="285" /><!-- duration: 14ms -->
  </step><!-- duration: 78ms -->
  <step title="DeploymentService.GetResult" date="2025-12-19T06:15:20.441" >
    <step title="DeploymentService.GetLatestDeployment" date="2025-12-19T06:15:20.451" >
      <step title="DeploymentManager.GetResults" date="2025-12-19T06:15:20.461" /><!-- duration: 881ms -->
    </step><!-- duration: 913ms -->
  </step><!-- duration: 937ms -->
  <step title="Outgoing response" date="2025-12-19T06:15:21.390" type="response" statusCode="202" statusText="Accepted" /><!-- duration: 12ms -->
</step><!-- duration: 1084ms -->
