<step title="BackgroundTrace" date="2025-12-16T01:28:06.249" instance="4b281b" url="/api/publish" method="POST" >
  <step title="Cleanup Xml Logs" date="2025-12-16T01:28:06.270" /><!-- duration: 49ms -->
  <step title="Creating temporary deployment - FetchDeploymentManager" date="2025-12-16T01:28:06.635" /><!-- duration: 11ms -->
  <step title="Creating temporary deployment" date="2025-12-16T01:28:06.665" /><!-- duration: 281ms -->
  <step title="Performing fetch based deployment" date="2025-12-16T01:28:07.229" >
    <step title="Cleaning up temp folders from previous zip deployments and extracting pushed zip file /tmp/zipdeploy/391a7607-969c-44e3-afac-00ac2f06638d.zip (48.13 MB) to /tmp/zipdeploy/extracted" date="2025-12-16T01:28:08.738" >
      <step title="ChmodRecursive Process exited with total time taken in ms: 592" date="2025-12-16T01:28:50.320" /><!-- duration: 19ms -->
    </step><!-- duration: 41625ms -->
    <step title="Deployment timer started" date="2025-12-16T01:28:52.413" >
      <step title="DeploymentManager.Deploy(id:5e363762-06e0-4678-8088-47d52fc2edbf)" date="2025-12-16T01:28:52.525" >
        <step title="Collecting changeset information" date="2025-12-16T01:28:52.618" /><!-- duration: 199ms -->
        <step title="Updating submodules" date="2025-12-16T01:28:52.856" /><!-- duration: 1286ms -->
        <step title="Determining deployment builder" date="2025-12-16T01:28:54.594" >
          <step title="Builder is OneDeployBuilder" date="2025-12-16T01:28:54.651" /><!-- duration: 6ms -->
        </step><!-- duration: 99ms -->
        <step title="PreDeployment: context.CleanOutputPath False" date="2025-12-16T01:28:54.822" >
          <step title="PreDeployment: context.OutputPath /home/site/wwwroot" date="2025-12-16T01:28:54.964" >
            <step title="Building" date="2025-12-16T01:28:55.139" >
              <step title="Executing external process" date="2025-12-16T01:28:56.007" type="process" path="starter.sh" arguments="/opt/Kudu/Scripts/absoluteTar.sh /tmp/zipdeploy/extracted/node_modules /tmp/zipdeploy/extracted/node_modules.tar.gz" /><!-- duration: 37048ms -->
              <step title="Executing external process" date="2025-12-16T01:29:33.408" type="process" path="starter.sh" arguments="/opt/Kudu/Scripts/parallel_rsync.sh /tmp/zipdeploy/extracted /home/site/wwwroot 8 /tmp/ False False node_modules " /><!-- duration: 10031ms -->
              <step title="Modified file to trigger a restart of the app container." date="2025-12-16T01:29:44.573" /><!-- duration: 8ms -->
              <step title="Skip function trigger and logicapp sync because function is not enabled." date="2025-12-16T01:29:44.594" /><!-- duration: 15ms -->
              <step title="Purge deployment items" date="2025-12-16T01:29:46.063" >
                <step title="Remove 3e2316b0-, Success, received at 12/15/2025 10:49:19" date="2025-12-16T01:29:46.143" /><!-- duration: 4ms -->
              </step><!-- duration: 89ms -->
            </step><!-- duration: 51112ms -->
          </step><!-- duration: 51295ms -->
          <step title="Cleaning up temp files" date="2025-12-16T01:29:46.264" /><!-- duration: 7ms -->
          <step title="Cleaning up temp files" date="2025-12-16T01:29:46.282" /><!-- duration: 507ms -->
          <step title="Reloading status file with latest updates" date="2025-12-16T01:29:47.375" >
            <step title="WebHooksManager.PublishEventAsync: PostDeployment" date="2025-12-16T01:29:47.383" /><!-- duration: 46ms -->
          </step><!-- duration: 58ms -->
          <step title="Cleaning up temporary deployment - fetch deployment was successful" date="2025-12-16T01:29:47.443" /><!-- duration: 5ms -->
        </step><!-- duration: 52701ms -->
      </step><!-- duration: 55021ms -->
