<step title="Incoming Request" date="2025-12-19T06:17:55.682" instance="93ba60" url="/api/deployments/latest?deployer=OneDeploy&amp;time=2025-12-19_06-17-47Z" method="GET" type="request" pid="833,1,59" Host="svs-stock-api.scm.azurewebsites.net" User-Agent="GITHUBACTIONS_DeployWebAppToAzure_9c77270b4dc11c65de193eb13ad2e59e3b6f8f2f23b9c7b3dc72a9e29892decc" Authorization="Bea..." Content-Type="application/json; charset=utf-8" Cookie="ARRAffinity=93ba60693efd27c98d25ac695a6ef440c44ba4652104de2a3ed78f5e62ba7f13;Path=/;HttpOnly;Secure;Domain=svs-stock-api.scm.azurewebsites.net; ARRAffinitySameSite=93ba60693efd27c98d25ac695a6ef440c44ba4652104de2a3ed78f5e62ba7f13;Path=/;HttpOnly;SameSite=None;Secure;Domain=svs-stock-api.scm.azurewebsites.net" Content-Length="0" X-ARR-LOG-ID="175d059c-8300-4b05-a2c1-19893425dbcf" CLIENT-IP="172.215.216.225:63426" X-SITE-DEPLOYMENT-ID="svs-stock-api" WAS-DEFAULT-HOSTNAME="svs-stock-api.scm.azurewebsites.net" X-Forwarded-Proto="https" X-AppService-Proto="https" X-Forwarded-TlsVersion="1.3" X-WAWS-Unencoded-URL="/api/deployments/latest?deployer=OneDeploy&amp;time=2025-12-19_06-17-47Z" X-Client-IP="172.215.216.225" X-Client-Port="63426" >
  <step title="Cleanup Xml Logs" date="2025-12-19T06:17:55.686" >
    <step title="Cleanup Infos" date="2025-12-19T06:17:55.795" totalFiles="455" totalCleanup="295" /><!-- duration: 55ms -->
  </step><!-- duration: 187ms -->
  <step title="DeploymentService.GetResult" date="2025-12-19T06:17:55.920" >
    <step title="DeploymentService.GetLatestDeployment" date="2025-12-19T06:17:55.943" >
      <step title="DeploymentManager.GetResults" date="2025-12-19T06:17:55.952" /><!-- duration: 959ms -->
    </step><!-- duration: 979ms -->
  </step><!-- duration: 1006ms -->
  <step title="Outgoing response" date="2025-12-19T06:17:56.932" type="response" statusCode="202" statusText="Accepted" /><!-- duration: 6ms -->
</step><!-- duration: 1260ms -->
