<step title="Incoming Request" date="2025-12-19T05:32:44.428" instance="93ba60" url="/api/deployments/latest?deployer=OneDeploy&amp;time=2025-12-19_05-32-06Z" method="GET" type="request" pid="833,1,56" Host="svs-stock-api.scm.azurewebsites.net" User-Agent="GITHUBACTIONS_DeployWebAppToAzure_9c77270b4dc11c65de193eb13ad2e59e3b6f8f2f23b9c7b3dc72a9e29892decc" Authorization="Bea..." Content-Type="application/json; charset=utf-8" Cookie="ARRAffinity=93ba60693efd27c98d25ac695a6ef440c44ba4652104de2a3ed78f5e62ba7f13;Path=/;HttpOnly;Secure;Domain=svs-stock-api.scm.azurewebsites.net; ARRAffinitySameSite=93ba60693efd27c98d25ac695a6ef440c44ba4652104de2a3ed78f5e62ba7f13;Path=/;HttpOnly;SameSite=None;Secure;Domain=svs-stock-api.scm.azurewebsites.net" Content-Length="0" X-ARR-LOG-ID="991cce21-a23d-4ff2-af2f-44f785d84048" CLIENT-IP="172.215.218.19:14363" X-SITE-DEPLOYMENT-ID="svs-stock-api" WAS-DEFAULT-HOSTNAME="svs-stock-api.scm.azurewebsites.net" X-Forwarded-Proto="https" X-AppService-Proto="https" X-Forwarded-TlsVersion="1.3" X-WAWS-Unencoded-URL="/api/deployments/latest?deployer=OneDeploy&amp;time=2025-12-19_05-32-06Z" X-Client-IP="172.215.218.19" X-Client-Port="14363" >
  <step title="Cleanup Xml Logs" date="2025-12-19T05:32:44.452" >
    <step title="Cleanup Infos" date="2025-12-19T05:32:44.514" totalFiles="401" totalCleanup="241" /><!-- duration: 92ms -->
  </step><!-- duration: 171ms -->
  <step title="DeploymentService.GetResult" date="2025-12-19T05:32:44.833" >
    <step title="DeploymentService.GetLatestDeployment" date="2025-12-19T05:32:44.861" >
      <step title="DeploymentManager.GetResults" date="2025-12-19T05:32:44.902" /><!-- duration: 1811ms -->
    </step><!-- duration: 1886ms -->
  </step><!-- duration: 1936ms -->
  <step title="Outgoing response" date="2025-12-19T05:32:46.839" type="response" statusCode="202" statusText="Accepted" /><!-- duration: 40ms -->
</step><!-- duration: 2474ms -->
