<step title="Incoming Request" date="2025-12-17T09:08:59.953" instance="4b281b" url="/api/deployments/latest?deployer=OneDeploy&amp;time=2025-12-17_09-07-58Z" method="GET" type="request" pid="831,1,86" Host="svs-stock-api.scm.azurewebsites.net" User-Agent="GITHUBACTIONS_DeployWebAppToAzure_9c77270b4dc11c65de193eb13ad2e59e3b6f8f2f23b9c7b3dc72a9e29892decc" Authorization="Bea..." Content-Type="application/json; charset=utf-8" Cookie="ARRAffinity=4b281b4a9d9abb39450d23d8928bbaecc835ef9d48685f67465bb26c36f1b731;Path=/;HttpOnly;Secure;Domain=svs-stock-api.scm.azurewebsites.net; ARRAffinitySameSite=4b281b4a9d9abb39450d23d8928bbaecc835ef9d48685f67465bb26c36f1b731;Path=/;HttpOnly;SameSite=None;Secure;Domain=svs-stock-api.scm.azurewebsites.net" Content-Length="0" X-ARR-LOG-ID="fd137a18-c436-496a-8a42-7ca438d5b5ed" CLIENT-IP="52.159.229.68:55360" X-SITE-DEPLOYMENT-ID="svs-stock-api" WAS-DEFAULT-HOSTNAME="svs-stock-api.scm.azurewebsites.net" X-Forwarded-Proto="https" X-AppService-Proto="https" X-Forwarded-TlsVersion="1.3" X-WAWS-Unencoded-URL="/api/deployments/latest?deployer=OneDeploy&amp;time=2025-12-17_09-07-58Z" X-Client-IP="52.159.229.68" X-Client-Port="55360" >
  <step title="Cleanup Xml Logs" date="2025-12-17T09:08:59.963" >
    <step title="Cleanup Infos" date="2025-12-17T09:09:00.004" totalFiles="239" totalCleanup="79" /><!-- duration: 38ms -->
  </step><!-- duration: 91ms -->
  <step title="DeploymentService.GetResult" date="2025-12-17T09:09:00.092" >
    <step title="DeploymentService.GetLatestDeployment" date="2025-12-17T09:09:00.105" >
      <step title="DeploymentManager.GetResults" date="2025-12-17T09:09:00.122" /><!-- duration: 1028ms -->
    </step><!-- duration: 1067ms -->
  </step><!-- duration: 1090ms -->
  <step title="Outgoing response" date="2025-12-17T09:09:01.212" type="response" statusCode="202" statusText="Accepted" /><!-- duration: 41ms -->
</step><!-- duration: 1338ms -->
