<step title="Incoming Request" date="2025-12-17T07:18:58.427" instance="4b281b" url="/api/deployments/latest?deployer=OneDeploy&amp;time=2025-12-17_07-17-49Z" method="GET" type="request" pid="831,1,30" Host="svs-stock-api.scm.azurewebsites.net" User-Agent="GITHUBACTIONS_DeployWebAppToAzure_9c77270b4dc11c65de193eb13ad2e59e3b6f8f2f23b9c7b3dc72a9e29892decc" Authorization="Bea..." Content-Type="application/json; charset=utf-8" Cookie="ARRAffinity=4b281b4a9d9abb39450d23d8928bbaecc835ef9d48685f67465bb26c36f1b731;Path=/;HttpOnly;Secure;Domain=svs-stock-api.scm.azurewebsites.net; ARRAffinitySameSite=4b281b4a9d9abb39450d23d8928bbaecc835ef9d48685f67465bb26c36f1b731;Path=/;HttpOnly;SameSite=None;Secure;Domain=svs-stock-api.scm.azurewebsites.net" Content-Length="0" X-ARR-LOG-ID="3f105707-3e23-49e1-bc50-755535006a17" CLIENT-IP="20.171.127.102:29698" X-SITE-DEPLOYMENT-ID="svs-stock-api" WAS-DEFAULT-HOSTNAME="svs-stock-api.scm.azurewebsites.net" X-Forwarded-Proto="https" X-AppService-Proto="https" X-Forwarded-TlsVersion="1.3" X-WAWS-Unencoded-URL="/api/deployments/latest?deployer=OneDeploy&amp;time=2025-12-17_07-17-49Z" X-Client-IP="20.171.127.102" X-Client-Port="29698" >
  <step title="Cleanup Xml Logs" date="2025-12-17T07:18:58.436" >
    <step title="Cleanup Infos" date="2025-12-17T07:18:58.517" totalFiles="219" totalCleanup="59" /><!-- duration: 19ms -->
  </step><!-- duration: 108ms -->
  <step title="DeploymentService.GetResult" date="2025-12-17T07:18:58.566" >
    <step title="DeploymentService.GetLatestDeployment" date="2025-12-17T07:18:58.575" >
      <step title="DeploymentManager.GetResults" date="2025-12-17T07:18:58.580" /><!-- duration: 1266ms -->
    </step><!-- duration: 1293ms -->
  </step><!-- duration: 1350ms -->
  <step title="Outgoing response" date="2025-12-17T07:18:59.938" type="response" statusCode="202" statusText="Accepted" /><!-- duration: 21ms -->
</step><!-- duration: 1551ms -->
