<step title="Incoming Request" date="2025-12-19T04:37:54.617" instance="93ba60" url="/api/deployments/latest?deployer=OneDeploy&amp;time=2025-12-19_04-37-13Z" method="GET" type="request" pid="833,1,68" Host="svs-stock-api.scm.azurewebsites.net" User-Agent="GITHUBACTIONS_DeployWebAppToAzure_9c77270b4dc11c65de193eb13ad2e59e3b6f8f2f23b9c7b3dc72a9e29892decc" Authorization="Bea..." Content-Type="application/json; charset=utf-8" Cookie="ARRAffinity=93ba60693efd27c98d25ac695a6ef440c44ba4652104de2a3ed78f5e62ba7f13;Path=/;HttpOnly;Secure;Domain=svs-stock-api.scm.azurewebsites.net; ARRAffinitySameSite=93ba60693efd27c98d25ac695a6ef440c44ba4652104de2a3ed78f5e62ba7f13;Path=/;HttpOnly;SameSite=None;Secure;Domain=svs-stock-api.scm.azurewebsites.net" Content-Length="0" X-ARR-LOG-ID="2887a082-e2df-424e-b373-ef112ef6a14d" CLIENT-IP="172.214.45.193:24577" X-SITE-DEPLOYMENT-ID="svs-stock-api" WAS-DEFAULT-HOSTNAME="svs-stock-api.scm.azurewebsites.net" X-Forwarded-Proto="https" X-AppService-Proto="https" X-Forwarded-TlsVersion="1.3" X-WAWS-Unencoded-URL="/api/deployments/latest?deployer=OneDeploy&amp;time=2025-12-19_04-37-13Z" X-Client-IP="172.214.45.193" X-Client-Port="24577" >
  <step title="Cleanup Xml Logs" date="2025-12-19T04:37:54.631" >
    <step title="Cleanup Infos" date="2025-12-19T04:37:54.690" totalFiles="384" totalCleanup="224" /><!-- duration: 21ms -->
  </step><!-- duration: 97ms -->
  <step title="DeploymentService.GetResult" date="2025-12-19T04:37:54.775" >
    <step title="DeploymentService.GetLatestDeployment" date="2025-12-19T04:37:54.792" >
      <step title="DeploymentManager.GetResults" date="2025-12-19T04:37:54.804" /><!-- duration: 1206ms -->
    </step><!-- duration: 1257ms -->
  </step><!-- duration: 1286ms -->
  <step title="Outgoing response" date="2025-12-19T04:37:56.077" type="response" statusCode="202" statusText="Accepted" /><!-- duration: 19ms -->
</step><!-- duration: 1499ms -->
