<step title="Incoming Request" date="2025-12-19T04:20:27.450" instance="93ba60" url="/api/deployments/latest?deployer=OneDeploy&amp;time=2025-12-19_04-19-40Z" method="GET" type="request" pid="833,1,61" Host="svs-stock-api.scm.azurewebsites.net" User-Agent="GITHUBACTIONS_DeployWebAppToAzure_9c77270b4dc11c65de193eb13ad2e59e3b6f8f2f23b9c7b3dc72a9e29892decc" Authorization="Bea..." Content-Type="application/json; charset=utf-8" Cookie="ARRAffinity=93ba60693efd27c98d25ac695a6ef440c44ba4652104de2a3ed78f5e62ba7f13;Path=/;HttpOnly;Secure;Domain=svs-stock-api.scm.azurewebsites.net; ARRAffinitySameSite=93ba60693efd27c98d25ac695a6ef440c44ba4652104de2a3ed78f5e62ba7f13;Path=/;HttpOnly;SameSite=None;Secure;Domain=svs-stock-api.scm.azurewebsites.net" Content-Length="0" X-ARR-LOG-ID="41f5b388-5ffe-491b-a361-290b0b9d6514" CLIENT-IP="52.234.43.181:13312" X-SITE-DEPLOYMENT-ID="svs-stock-api" WAS-DEFAULT-HOSTNAME="svs-stock-api.scm.azurewebsites.net" X-Forwarded-Proto="https" X-AppService-Proto="https" X-Forwarded-TlsVersion="1.3" X-WAWS-Unencoded-URL="/api/deployments/latest?deployer=OneDeploy&amp;time=2025-12-19_04-19-40Z" X-Client-IP="52.234.43.181" X-Client-Port="13312" >
  <step title="Cleanup Xml Logs" date="2025-12-19T04:20:27.461" >
    <step title="Cleanup Infos" date="2025-12-19T04:20:27.491" totalFiles="367" totalCleanup="207" /><!-- duration: 6ms -->
  </step><!-- duration: 43ms -->
  <step title="DeploymentService.GetResult" date="2025-12-19T04:20:27.535" >
    <step title="DeploymentService.GetLatestDeployment" date="2025-12-19T04:20:27.551" >
      <step title="DeploymentManager.GetResults" date="2025-12-19T04:20:27.574" /><!-- duration: 915ms -->
    </step><!-- duration: 951ms -->
  </step><!-- duration: 975ms -->
  <step title="Outgoing response" date="2025-12-19T04:20:28.556" type="response" statusCode="202" statusText="Accepted" /><!-- duration: 13ms -->
</step><!-- duration: 1129ms -->
