<step title="Incoming Request" date="2025-12-18T21:38:12.359" instance="93ba60" url="/api/deployments/latest?deployer=OneDeploy&amp;time=2025-12-18_21-37-54Z" method="GET" type="request" pid="833,1,62" Host="svs-stock-api.scm.azurewebsites.net" User-Agent="GITHUBACTIONS_DeployWebAppToAzure_9c77270b4dc11c65de193eb13ad2e59e3b6f8f2f23b9c7b3dc72a9e29892decc" Authorization="Bea..." Content-Type="application/json; charset=utf-8" Cookie="ARRAffinity=93ba60693efd27c98d25ac695a6ef440c44ba4652104de2a3ed78f5e62ba7f13;Path=/;HttpOnly;Secure;Domain=svs-stock-api.scm.azurewebsites.net; ARRAffinitySameSite=93ba60693efd27c98d25ac695a6ef440c44ba4652104de2a3ed78f5e62ba7f13;Path=/;HttpOnly;SameSite=None;Secure;Domain=svs-stock-api.scm.azurewebsites.net" Content-Length="0" X-ARR-LOG-ID="c59d42d0-ec77-4c49-8df0-38f1dc252d0d" CLIENT-IP="40.76.117.229:38848" X-SITE-DEPLOYMENT-ID="svs-stock-api" WAS-DEFAULT-HOSTNAME="svs-stock-api.scm.azurewebsites.net" X-Forwarded-Proto="https" X-AppService-Proto="https" X-Forwarded-TlsVersion="1.3" X-WAWS-Unencoded-URL="/api/deployments/latest?deployer=OneDeploy&amp;time=2025-12-18_21-37-54Z" X-Client-IP="40.76.117.229" X-Client-Port="38848" >
  <step title="Cleanup Xml Logs" date="2025-12-18T21:38:12.370" >
    <step title="Cleanup Infos" date="2025-12-18T21:38:12.429" totalFiles="326" totalCleanup="166" /><!-- duration: 22ms -->
  </step><!-- duration: 118ms -->
  <step title="DeploymentService.GetResult" date="2025-12-18T21:38:12.534" >
    <step title="DeploymentService.GetLatestDeployment" date="2025-12-18T21:38:12.545" >
      <step title="DeploymentManager.GetResults" date="2025-12-18T21:38:12.561" /><!-- duration: 1179ms -->
    </step><!-- duration: 1214ms -->
  </step><!-- duration: 1236ms -->
  <step title="Outgoing response" date="2025-12-18T21:38:13.786" type="response" statusCode="202" statusText="Accepted" /><!-- duration: 13ms -->
</step><!-- duration: 1456ms -->
