<step title="Incoming Request" date="2025-12-19T06:19:24.624" instance="93ba60" url="/api/deployments/latest?deployer=OneDeploy&amp;time=2025-12-19_06-17-47Z" method="GET" type="request" pid="833,1,73" Host="svs-stock-api.scm.azurewebsites.net" User-Agent="GITHUBACTIONS_DeployWebAppToAzure_9c77270b4dc11c65de193eb13ad2e59e3b6f8f2f23b9c7b3dc72a9e29892decc" Authorization="Bea..." Content-Type="application/json; charset=utf-8" Cookie="ARRAffinity=93ba60693efd27c98d25ac695a6ef440c44ba4652104de2a3ed78f5e62ba7f13;Path=/;HttpOnly;Secure;Domain=svs-stock-api.scm.azurewebsites.net; ARRAffinitySameSite=93ba60693efd27c98d25ac695a6ef440c44ba4652104de2a3ed78f5e62ba7f13;Path=/;HttpOnly;SameSite=None;Secure;Domain=svs-stock-api.scm.azurewebsites.net" Content-Length="0" X-ARR-LOG-ID="793e3f64-081a-46e3-b3b6-eeea7242f02b" CLIENT-IP="172.215.216.225:63426" X-SITE-DEPLOYMENT-ID="svs-stock-api" WAS-DEFAULT-HOSTNAME="svs-stock-api.scm.azurewebsites.net" X-Forwarded-Proto="https" X-AppService-Proto="https" X-Forwarded-TlsVersion="1.3" X-WAWS-Unencoded-URL="/api/deployments/latest?deployer=OneDeploy&amp;time=2025-12-19_06-17-47Z" X-Client-IP="172.215.216.225" X-Client-Port="63426" >
  <step title="Cleanup Xml Logs" date="2025-12-19T06:19:24.645" >
    <step title="Cleanup Infos" date="2025-12-19T06:19:24.696" totalFiles="467" totalCleanup="307" /><!-- duration: 46ms -->
  </step><!-- duration: 102ms -->
  <step title="DeploymentService.GetResult" date="2025-12-19T06:19:24.765" >
    <step title="DeploymentService.GetLatestDeployment" date="2025-12-19T06:19:24.783" >
      <step title="DeploymentManager.GetResults" date="2025-12-19T06:19:24.804" /><!-- duration: 1010ms -->
    </step><!-- duration: 1051ms -->
  </step><!-- duration: 1086ms -->
  <step title="Outgoing response" date="2025-12-19T06:19:25.863" type="response" statusCode="202" statusText="Accepted" /><!-- duration: 18ms -->
</step><!-- duration: 1267ms -->
