<step title="Incoming Request" date="2025-12-19T06:15:27.294" instance="93ba60" url="/api/deployments/latest?deployer=OneDeploy&amp;time=2025-12-19_06-14-11Z" method="GET" type="request" pid="833,1,58" Host="svs-stock-api.scm.azurewebsites.net" User-Agent="GITHUBACTIONS_DeployWebAppToAzure_9c77270b4dc11c65de193eb13ad2e59e3b6f8f2f23b9c7b3dc72a9e29892decc" Authorization="Bea..." Content-Type="application/json; charset=utf-8" Cookie="ARRAffinity=93ba60693efd27c98d25ac695a6ef440c44ba4652104de2a3ed78f5e62ba7f13;Path=/;HttpOnly;Secure;Domain=svs-stock-api.scm.azurewebsites.net; ARRAffinitySameSite=93ba60693efd27c98d25ac695a6ef440c44ba4652104de2a3ed78f5e62ba7f13;Path=/;HttpOnly;SameSite=None;Secure;Domain=svs-stock-api.scm.azurewebsites.net" Content-Length="0" X-ARR-LOG-ID="42eaf177-d1bf-4bcf-ba25-4b179c1be86b" CLIENT-IP="64.236.143.35:42000" X-SITE-DEPLOYMENT-ID="svs-stock-api" WAS-DEFAULT-HOSTNAME="svs-stock-api.scm.azurewebsites.net" X-Forwarded-Proto="https" X-AppService-Proto="https" X-Forwarded-TlsVersion="1.3" X-WAWS-Unencoded-URL="/api/deployments/latest?deployer=OneDeploy&amp;time=2025-12-19_06-14-11Z" X-Client-IP="64.236.143.35" X-Client-Port="42000" >
  <step title="Cleanup Xml Logs" date="2025-12-19T06:15:27.302" >
    <step title="Cleanup Infos" date="2025-12-19T06:15:27.346" totalFiles="446" totalCleanup="286" /><!-- duration: 16ms -->
  </step><!-- duration: 74ms -->
  <step title="DeploymentService.GetResult" date="2025-12-19T06:15:27.406" >
    <step title="DeploymentService.GetLatestDeployment" date="2025-12-19T06:15:27.421" >
      <step title="DeploymentManager.GetResults" date="2025-12-19T06:15:27.425" /><!-- duration: 809ms -->
    </step><!-- duration: 823ms -->
  </step><!-- duration: 843ms -->
  <step title="Outgoing response" date="2025-12-19T06:15:28.263" type="response" statusCode="202" statusText="Accepted" /><!-- duration: 11ms -->
</step><!-- duration: 987ms -->
