<step title="Incoming Request" date="2025-12-15T12:52:33.849" instance="4b281b" url="/api/zipdeploy?isAsync=true" method="POST" type="request" pid="831,1,21" Accept="*/*" Host="svs-stock-api.scm.azurewebsites.net" User-Agent="AZURECLI/2.78.0 (HOMEBREW)" Accept-Encoding="gzip, deflate" Authorization="Bea..." Cache-Control="no-cache" Content-Type="application/octet-stream" Content-Length="50393540" x-ms-client-request-id="eae9e722-d9b4-11f0-ad7d-c6eea053c943" x-ms-artifact-checksum="d22dc18922e80e89e7c2d1ff69e49dd9e9e74f900cf52ad1fb0e6c9040be6401" X-ARR-LOG-ID="eae9e722-d9b4-11f0-ad7d-c6eea053c943" CLIENT-IP="184.22.101.158:63553" X-SITE-DEPLOYMENT-ID="svs-stock-api" WAS-DEFAULT-HOSTNAME="svs-stock-api.scm.azurewebsites.net" X-Forwarded-Proto="https" X-AppService-Proto="https" X-Forwarded-TlsVersion="1.3" X-WAWS-Unencoded-URL="/api/zipdeploy?isAsync=true" X-Client-IP="184.22.101.158" X-Client-Port="63553" >
  <step title="Cleanup Xml Logs" date="2025-12-15T12:52:33.866" /><!-- duration: 37ms -->
  <step title="ZipPushDeploy" date="2025-12-15T12:52:33.995" >
    <step title="ZipDeploy. Extract zip." date="2025-12-15T12:52:34.033" /><!-- duration: 13ms -->
    <step title="Starting PushDeployAsync" date="2025-12-15T12:52:34.070" /><!-- duration: 5ms -->
    <step title="Removing node_modules symlink" date="2025-12-15T12:52:34.090" >
      <step title="Writing artifact to /tmp/zipdeploy/56fca8fa-3d26-4963-8c18-a18a0229db9c.zip" date="2025-12-15T12:52:34.196" >
        <step title="Writing multipart request body to /tmp/zipdeploy/56fca8fa-3d26-4963-8c18-a18a0229db9c.zip" date="2025-12-15T12:52:34.202" /><!-- duration: 19ms -->
      </step><!-- duration: 1971ms -->
      <step title="Removing previous build artifact&apos;s manifest file" date="2025-12-15T12:52:36.181" >
        <step title="Start deployment in the background" date="2025-12-15T12:52:36.205" >
          <step title="Acquiring Deployment Lock" date="2025-12-15T12:52:36.249" /><!-- duration: 14ms -->
          <step title="Acquired Deployment Lock" date="2025-12-15T12:52:36.319" /><!-- duration: 5ms -->
        </step><!-- duration: 211ms -->
      </step><!-- duration: 266ms -->
      <step title="Outgoing response" date="2025-12-15T12:52:36.454" type="response" statusCode="202" statusText="Accepted" /><!-- duration: 24ms -->
    </step><!-- duration: 2393ms -->
