<step title="Incoming Request" date="2025-12-15T10:38:28.269" instance="4b281b" url="/api/zipdeploy?isAsync=true" method="POST" type="request" pid="831,1,5" Accept="*/*" Host="svs-stock-api.scm.azurewebsites.net" User-Agent="AZURECLI/2.78.0 (HOMEBREW)" Accept-Encoding="gzip, deflate" Authorization="Bea..." Cache-Control="no-cache" Content-Type="application/octet-stream" Content-Length="366134" x-ms-client-request-id="1ef1d60a-d9a2-11f0-a395-c6eea053c943" x-ms-artifact-checksum="66fd412d14285e458189a05141ca1aee9a0e09243f3182193a31099d616d6456" X-ARR-LOG-ID="1ef1d60a-d9a2-11f0-a395-c6eea053c943" CLIENT-IP="184.22.101.158:51935" X-SITE-DEPLOYMENT-ID="svs-stock-api" WAS-DEFAULT-HOSTNAME="svs-stock-api.scm.azurewebsites.net" X-Forwarded-Proto="https" X-AppService-Proto="https" X-Forwarded-TlsVersion="1.3" X-WAWS-Unencoded-URL="/api/zipdeploy?isAsync=true" X-Client-IP="184.22.101.158" X-Client-Port="51935" >
  <step title="ZipPushDeploy" date="2025-12-15T10:38:29.078" >
    <step title="ZipDeploy. Extract zip." date="2025-12-15T10:38:29.095" /><!-- duration: 5ms -->
    <step title="None repository commit" date="2025-12-15T10:38:29.108" >
      <step title="Commit id: 92320931-ce6e-4bd4-9479-3658539aa253" date="2025-12-15T10:38:29.114" Message="N/A" AuthorName="N/A" AuthorEmail="N/A" /><!-- duration: 4ms -->
    </step><!-- duration: 14ms -->
    <step title="Starting PushDeployAsync" date="2025-12-15T10:38:29.127" /><!-- duration: 4ms -->
    <step title="Writing artifact to /tmp/zipdeploy/8242a0b9-7838-4762-8c2e-cc8899af9fee.zip" date="2025-12-15T10:38:29.147" >
      <step title="Writing multipart request body to /tmp/zipdeploy/8242a0b9-7838-4762-8c2e-cc8899af9fee.zip" date="2025-12-15T10:38:29.176" /><!-- duration: 5ms -->
    </step><!-- duration: 133ms -->
    <step title="Start deployment in the background" date="2025-12-15T10:38:29.317" >
      <step title="Acquiring Deployment Lock" date="2025-12-15T10:38:29.365" /><!-- duration: 5ms -->
      <step title="Acquired Deployment Lock" date="2025-12-15T10:38:29.491" /><!-- duration: 5ms -->
    </step><!-- duration: 402ms -->
  </step><!-- duration: 662ms -->
  <step title="Outgoing response" date="2025-12-15T10:38:29.779" type="response" statusCode="202" statusText="Accepted" /><!-- duration: 4ms -->
</step><!-- duration: 1519ms -->
