<step title="Incoming Request" date="2025-12-19T06:17:39.143" instance="93ba60" url="/api/publish?async=true&amp;deployer=GITHUB_ONE_DEPLOY&amp;type=zip&amp;message=%7B%22type%22%3A%22deployment%22%2C%22sha%22%3A%224c903457f65c0168aaaf2e2af0409be8ad4f8084%22%2C%22repoName%22%3A%22autthapolsaiyat%2FStock-Management-System%22%2C%22actor%22%3A%22autthapolsaiyat%22%2C%22slotName%22%3A%22production%22%2C%22commitMessage%22%3A%22%22%7D" method="POST" type="request" pid="833,1,58" Host="svs-stock-api.scm.azurewebsites.net" User-Agent="GITHUBACTIONS_DeployWebAppToAzure_9c77270b4dc11c65de193eb13ad2e59e3b6f8f2f23b9c7b3dc72a9e29892decc" Authorization="Bea..." Content-Type="application/octet-stream" Cookie="ARRAffinity=93ba60693efd27c98d25ac695a6ef440c44ba4652104de2a3ed78f5e62ba7f13;Path=/;HttpOnly;Secure;Domain=svs-stock-api.scm.azurewebsites.net; ARRAffinitySameSite=93ba60693efd27c98d25ac695a6ef440c44ba4652104de2a3ed78f5e62ba7f13;Path=/;HttpOnly;SameSite=None;Secure;Domain=svs-stock-api.scm.azurewebsites.net" Transfer-Encoding="chunked" X-ARR-LOG-ID="0f3681c4-24ee-4e82-b0e0-386cf6031207" CLIENT-IP="172.215.216.225:63424" X-SITE-DEPLOYMENT-ID="svs-stock-api" WAS-DEFAULT-HOSTNAME="svs-stock-api.scm.azurewebsites.net" X-Forwarded-Proto="https" X-AppService-Proto="https" X-Forwarded-TlsVersion="1.3" X-WAWS-Unencoded-URL="/api/publish?async=true&amp;deployer=GITHUB_ONE_DEPLOY&amp;type=zip&amp;message=%7B%22type%22%3A%22deployment%22%2C%22sha%22%3A%224c903457f65c0168aaaf2e2af0409be8ad4f8084%22%2C%22repoName%22%3A%22autthapolsaiyat%2FStock-Management-System%22%2C%22actor%22%3A%22autthapolsaiyat%22%2C%22slotName%22%3A%22production%22%2C%22commitMessage%22%3A%22%22%7D" X-Client-IP="172.215.216.225" X-Client-Port="63424" >
  <step title="OneDeploy" date="2025-12-19T06:17:39.431" >
    <step title="Starting PushDeployAsync" date="2025-12-19T06:17:39.669" /><!-- duration: 19ms -->
    <step title="Removing node_modules symlink" date="2025-12-19T06:17:39.746" >
      <step title="Writing artifact to /tmp/zipdeploy/cfa2e955-b82d-4241-8408-cc86060b3b5c.zip" date="2025-12-19T06:17:40.491" >
        <step title="Writing multipart request body to /tmp/zipdeploy/cfa2e955-b82d-4241-8408-cc86060b3b5c.zip" date="2025-12-19T06:17:40.587" /><!-- duration: 27ms -->
      </step><!-- duration: 6512ms -->
      <step title="Start deployment in the background" date="2025-12-19T06:17:47.066" >
        <step title="Acquiring Deployment Lock" date="2025-12-19T06:17:47.253" /><!-- duration: 25ms -->
        <step title="Acquired Deployment Lock" date="2025-12-19T06:17:47.345" /><!-- duration: 21ms -->
      </step><!-- duration: 621ms -->
    </step><!-- duration: 7971ms -->
    <step title="Outgoing response" date="2025-12-19T06:17:47.728" type="response" statusCode="202" statusText="Accepted" /><!-- duration: 10ms -->
  </step><!-- duration: 8328ms -->
