<step title="Incoming Request" date="2025-12-17T07:17:45.314" instance="4b281b" url="/api/publish?async=true&amp;deployer=GITHUB_ONE_DEPLOY&amp;type=zip&amp;message=%7B%22type%22%3A%22deployment%22%2C%22sha%22%3A%22ef3b794f4e5323c836faa7f0f519686cc50d6c25%22%2C%22repoName%22%3A%22autthapolsaiyat%2FStock-Management-System%22%2C%22actor%22%3A%22autthapolsaiyat%22%2C%22slotName%22%3A%22production%22%2C%22commitMessage%22%3A%22fix%3A%20print%20preview%20-%20logo%20center%2C%20full%20address%2C%20seller%20name%2C%20hide%20empty%20remark%2C%20MD%20signature%22%7D" method="POST" type="request" pid="831,1,67" Host="svs-stock-api.scm.azurewebsites.net" User-Agent="GITHUBACTIONS_DeployWebAppToAzure_9c77270b4dc11c65de193eb13ad2e59e3b6f8f2f23b9c7b3dc72a9e29892decc" Authorization="Bea..." Content-Type="application/octet-stream" Cookie="ARRAffinity=4b281b4a9d9abb39450d23d8928bbaecc835ef9d48685f67465bb26c36f1b731;Path=/;HttpOnly;Secure;Domain=svs-stock-api.scm.azurewebsites.net; ARRAffinitySameSite=4b281b4a9d9abb39450d23d8928bbaecc835ef9d48685f67465bb26c36f1b731;Path=/;HttpOnly;SameSite=None;Secure;Domain=svs-stock-api.scm.azurewebsites.net" Transfer-Encoding="chunked" X-ARR-LOG-ID="96c68676-71d2-4b47-974e-dfccd1e7013d" CLIENT-IP="20.171.127.102:29696" X-SITE-DEPLOYMENT-ID="svs-stock-api" WAS-DEFAULT-HOSTNAME="svs-stock-api.scm.azurewebsites.net" X-Forwarded-Proto="https" X-AppService-Proto="https" X-Forwarded-TlsVersion="1.3" X-WAWS-Unencoded-URL="/api/publish?async=true&amp;deployer=GITHUB_ONE_DEPLOY&amp;type=zip&amp;message=%7B%22type%22%3A%22deployment%22%2C%22sha%22%3A%22ef3b794f4e5323c836faa7f0f519686cc50d6c25%22%2C%22repoName%22%3A%22autthapolsaiyat%2FStock-Management-System%22%2C%22actor%22%3A%22autthapolsaiyat%22%2C%22slotName%22%3A%22production%22%2C%22commitMessage%22%3A%22fix%3A%20print%20preview%20-%20logo%20center%2C%20full%20address%2C%20seller%20name%2C%20hide%20empty%20remark%2C%20MD%20signature%22%7D" X-Client-IP="20.171.127.102" X-Client-Port="29696" >
  <step title="OneDeploy" date="2025-12-17T07:17:45.738" >
    <step title="Starting PushDeployAsync" date="2025-12-17T07:17:45.966" /><!-- duration: 20ms -->
    <step title="Removing node_modules symlink" date="2025-12-17T07:17:46.057" >
      <step title="Writing artifact to /tmp/zipdeploy/90452576-b2af-4276-a7e4-8377f2dcc698.zip" date="2025-12-17T07:17:46.710" >
        <step title="Writing multipart request body to /tmp/zipdeploy/90452576-b2af-4276-a7e4-8377f2dcc698.zip" date="2025-12-17T07:17:46.726" /><!-- duration: 5ms -->
      </step><!-- duration: 2102ms -->
      <step title="Start deployment in the background" date="2025-12-17T07:17:48.835" >
        <step title="Acquiring Deployment Lock" date="2025-12-17T07:17:48.909" /><!-- duration: 21ms -->
        <step title="Acquired Deployment Lock" date="2025-12-17T07:17:48.966" /><!-- duration: 5ms -->
      </step><!-- duration: 489ms -->
    </step><!-- duration: 3289ms -->
    <step title="Outgoing response" date="2025-12-17T07:17:49.354" type="response" statusCode="202" statusText="Accepted" /><!-- duration: 5ms -->
  </step><!-- duration: 3626ms -->
