<step title="Incoming Request" date="2025-12-16T13:44:47.072" instance="4b281b" url="/api/deployments/latest?deployer=OneDeploy&amp;time=2025-12-16_13-43-42Z" method="GET" type="request" pid="831,1,37" Host="svs-stock-api.scm.azurewebsites.net" User-Agent="GITHUBACTIONS_DeployWebAppToAzure_9c77270b4dc11c65de193eb13ad2e59e3b6f8f2f23b9c7b3dc72a9e29892decc" Authorization="Bea..." Content-Type="application/json; charset=utf-8" Cookie="ARRAffinity=4b281b4a9d9abb39450d23d8928bbaecc835ef9d48685f67465bb26c36f1b731;Path=/;HttpOnly;Secure;Domain=svs-stock-api.scm.azurewebsites.net; ARRAffinitySameSite=4b281b4a9d9abb39450d23d8928bbaecc835ef9d48685f67465bb26c36f1b731;Path=/;HttpOnly;SameSite=None;Secure;Domain=svs-stock-api.scm.azurewebsites.net" Content-Length="0" X-ARR-LOG-ID="9cf180a8-311f-4eef-ba83-202de45784c0" CLIENT-IP="64.236.134.168:57344" X-SITE-DEPLOYMENT-ID="svs-stock-api" WAS-DEFAULT-HOSTNAME="svs-stock-api.scm.azurewebsites.net" X-Forwarded-Proto="https" X-AppService-Proto="https" X-Forwarded-TlsVersion="1.3" X-WAWS-Unencoded-URL="/api/deployments/latest?deployer=OneDeploy&amp;time=2025-12-16_13-43-42Z" X-Client-IP="64.236.134.168" X-Client-Port="57344" >
  <step title="Cleanup Xml Logs" date="2025-12-16T13:44:47.091" >
    <step title="Cleanup Infos" date="2025-12-16T13:44:47.139" totalFiles="200" totalCleanup="40" /><!-- duration: 150ms -->
  </step><!-- duration: 227ms -->
  <step title="DeploymentService.GetResult" date="2025-12-16T13:44:47.380" >
    <step title="DeploymentService.GetLatestDeployment" date="2025-12-16T13:44:47.397" >
      <step title="DeploymentManager.GetResults" date="2025-12-16T13:44:47.409" /><!-- duration: 1334ms -->
    </step><!-- duration: 1376ms -->
  </step><!-- duration: 1411ms -->
  <step title="Outgoing response" date="2025-12-16T13:44:48.821" type="response" statusCode="202" statusText="Accepted" /><!-- duration: 12ms -->
</step><!-- duration: 1779ms -->
