<step title="Incoming Request" date="2025-12-18T21:39:23.659" instance="93ba60" url="/api/deployments/latest?deployer=OneDeploy&amp;time=2025-12-18_21-37-54Z" method="GET" type="request" pid="833,1,42" Host="svs-stock-api.scm.azurewebsites.net" User-Agent="GITHUBACTIONS_DeployWebAppToAzure_9c77270b4dc11c65de193eb13ad2e59e3b6f8f2f23b9c7b3dc72a9e29892decc" Authorization="Bea..." Content-Type="application/json; charset=utf-8" Cookie="ARRAffinity=93ba60693efd27c98d25ac695a6ef440c44ba4652104de2a3ed78f5e62ba7f13;Path=/;HttpOnly;Secure;Domain=svs-stock-api.scm.azurewebsites.net; ARRAffinitySameSite=93ba60693efd27c98d25ac695a6ef440c44ba4652104de2a3ed78f5e62ba7f13;Path=/;HttpOnly;SameSite=None;Secure;Domain=svs-stock-api.scm.azurewebsites.net" Content-Length="0" X-ARR-LOG-ID="847520f5-c229-4675-8918-af39a4f62863" CLIENT-IP="40.76.117.229:38850" X-SITE-DEPLOYMENT-ID="svs-stock-api" WAS-DEFAULT-HOSTNAME="svs-stock-api.scm.azurewebsites.net" X-Forwarded-Proto="https" X-AppService-Proto="https" X-Forwarded-TlsVersion="1.3" X-WAWS-Unencoded-URL="/api/deployments/latest?deployer=OneDeploy&amp;time=2025-12-18_21-37-54Z" X-Client-IP="40.76.117.229" X-Client-Port="38850" >
  <step title="Cleanup Xml Logs" date="2025-12-18T21:39:23.669" >
    <step title="Cleanup Infos" date="2025-12-18T21:39:23.706" totalFiles="335" totalCleanup="175" /><!-- duration: 13ms -->
  </step><!-- duration: 75ms -->
  <step title="DeploymentService.GetResult" date="2025-12-18T21:39:23.788" >
    <step title="DeploymentService.GetLatestDeployment" date="2025-12-18T21:39:23.793" >
      <step title="DeploymentManager.GetResults" date="2025-12-18T21:39:23.799" /><!-- duration: 1371ms -->
    </step><!-- duration: 1415ms -->
  </step><!-- duration: 1440ms -->
  <step title="Outgoing response" date="2025-12-18T21:39:25.284" type="response" statusCode="202" statusText="Accepted" /><!-- duration: 34ms -->
</step><!-- duration: 1681ms -->
