<step title="Incoming Request" date="2025-12-19T06:18:26.770" instance="93ba60" url="/api/deployments/latest?deployer=OneDeploy&amp;time=2025-12-19_06-17-47Z" method="GET" type="request" pid="833,1,69" Host="svs-stock-api.scm.azurewebsites.net" User-Agent="GITHUBACTIONS_DeployWebAppToAzure_9c77270b4dc11c65de193eb13ad2e59e3b6f8f2f23b9c7b3dc72a9e29892decc" Authorization="Bea..." Content-Type="application/json; charset=utf-8" Cookie="ARRAffinity=93ba60693efd27c98d25ac695a6ef440c44ba4652104de2a3ed78f5e62ba7f13;Path=/;HttpOnly;Secure;Domain=svs-stock-api.scm.azurewebsites.net; ARRAffinitySameSite=93ba60693efd27c98d25ac695a6ef440c44ba4652104de2a3ed78f5e62ba7f13;Path=/;HttpOnly;SameSite=None;Secure;Domain=svs-stock-api.scm.azurewebsites.net" Content-Length="0" X-ARR-LOG-ID="ae431c17-b81a-4801-8001-aaa3c7b686f0" CLIENT-IP="172.215.216.225:63426" X-SITE-DEPLOYMENT-ID="svs-stock-api" WAS-DEFAULT-HOSTNAME="svs-stock-api.scm.azurewebsites.net" X-Forwarded-Proto="https" X-AppService-Proto="https" X-Forwarded-TlsVersion="1.3" X-WAWS-Unencoded-URL="/api/deployments/latest?deployer=OneDeploy&amp;time=2025-12-19_06-17-47Z" X-Client-IP="172.215.216.225" X-Client-Port="63426" >
  <step title="Cleanup Xml Logs" date="2025-12-19T06:18:26.783" >
    <step title="Cleanup Infos" date="2025-12-19T06:18:26.983" totalFiles="459" totalCleanup="299" /><!-- duration: 33ms -->
  </step><!-- duration: 261ms -->
  <step title="DeploymentService.GetResult" date="2025-12-19T06:18:27.108" >
    <step title="DeploymentService.GetLatestDeployment" date="2025-12-19T06:18:27.137" >
      <step title="DeploymentManager.GetResults" date="2025-12-19T06:18:27.177" /><!-- duration: 1414ms -->
    </step><!-- duration: 1502ms -->
  </step><!-- duration: 1588ms -->
  <step title="Outgoing response" date="2025-12-19T06:18:28.735" type="response" statusCode="202" statusText="Accepted" /><!-- duration: 23ms -->
</step><!-- duration: 2004ms -->
