<step title="Incoming Request" date="2025-12-19T04:38:55.093" instance="93ba60" url="/api/deployments/latest?deployer=OneDeploy&amp;time=2025-12-19_04-37-13Z" method="GET" type="request" pid="833,1,89" Host="svs-stock-api.scm.azurewebsites.net" User-Agent="GITHUBACTIONS_DeployWebAppToAzure_9c77270b4dc11c65de193eb13ad2e59e3b6f8f2f23b9c7b3dc72a9e29892decc" Authorization="Bea..." Content-Type="application/json; charset=utf-8" Cookie="ARRAffinity=93ba60693efd27c98d25ac695a6ef440c44ba4652104de2a3ed78f5e62ba7f13;Path=/;HttpOnly;Secure;Domain=svs-stock-api.scm.azurewebsites.net; ARRAffinitySameSite=93ba60693efd27c98d25ac695a6ef440c44ba4652104de2a3ed78f5e62ba7f13;Path=/;HttpOnly;SameSite=None;Secure;Domain=svs-stock-api.scm.azurewebsites.net" Content-Length="0" X-ARR-LOG-ID="31cf3043-8d7a-4534-8431-7aa87bd1b50b" CLIENT-IP="172.214.45.193:24578" X-SITE-DEPLOYMENT-ID="svs-stock-api" WAS-DEFAULT-HOSTNAME="svs-stock-api.scm.azurewebsites.net" X-Forwarded-Proto="https" X-AppService-Proto="https" X-Forwarded-TlsVersion="1.3" X-WAWS-Unencoded-URL="/api/deployments/latest?deployer=OneDeploy&amp;time=2025-12-19_04-37-13Z" X-Client-IP="172.214.45.193" X-Client-Port="24578" >
  <step title="Cleanup Xml Logs" date="2025-12-19T04:38:55.112" >
    <step title="Cleanup Infos" date="2025-12-19T04:38:55.152" totalFiles="392" totalCleanup="232" /><!-- duration: 20ms -->
  </step><!-- duration: 71ms -->
  <step title="DeploymentService.GetResult" date="2025-12-19T04:38:55.223" >
    <step title="DeploymentService.GetLatestDeployment" date="2025-12-19T04:38:55.229" >
      <step title="DeploymentManager.GetResults" date="2025-12-19T04:38:55.241" /><!-- duration: 1095ms -->
    </step><!-- duration: 1117ms -->
  </step><!-- duration: 1135ms -->
  <step title="Outgoing response" date="2025-12-19T04:38:56.379" type="response" statusCode="202" statusText="Accepted" /><!-- duration: 13ms -->
</step><!-- duration: 1317ms -->
