<step title="Incoming Request" date="2025-12-18T12:16:38.647" instance="93ba60" url="/api/deployments/latest?deployer=OneDeploy&amp;time=2025-12-18_12-14-49Z" method="GET" type="request" pid="833,1,42" Host="svs-stock-api.scm.azurewebsites.net" User-Agent="GITHUBACTIONS_DeployWebAppToAzure_9c77270b4dc11c65de193eb13ad2e59e3b6f8f2f23b9c7b3dc72a9e29892decc" Authorization="Bea..." Content-Type="application/json; charset=utf-8" Cookie="ARRAffinity=93ba60693efd27c98d25ac695a6ef440c44ba4652104de2a3ed78f5e62ba7f13;Path=/;HttpOnly;Secure;Domain=svs-stock-api.scm.azurewebsites.net; ARRAffinitySameSite=93ba60693efd27c98d25ac695a6ef440c44ba4652104de2a3ed78f5e62ba7f13;Path=/;HttpOnly;SameSite=None;Secure;Domain=svs-stock-api.scm.azurewebsites.net" Content-Length="0" X-ARR-LOG-ID="7002adc5-e27d-458a-90e6-32216316e696" CLIENT-IP="135.232.200.34:21440" X-SITE-DEPLOYMENT-ID="svs-stock-api" WAS-DEFAULT-HOSTNAME="svs-stock-api.scm.azurewebsites.net" X-Forwarded-Proto="https" X-AppService-Proto="https" X-Forwarded-TlsVersion="1.3" X-WAWS-Unencoded-URL="/api/deployments/latest?deployer=OneDeploy&amp;time=2025-12-18_12-14-49Z" X-Client-IP="135.232.200.34" X-Client-Port="21440" >
  <step title="Cleanup Xml Logs" date="2025-12-18T12:16:38.663" >
    <step title="Cleanup Infos" date="2025-12-18T12:16:38.712" totalFiles="319" totalCleanup="159" /><!-- duration: 13ms -->
  </step><!-- duration: 69ms -->
  <step title="DeploymentService.GetResult" date="2025-12-18T12:16:38.773" >
    <step title="DeploymentService.GetLatestDeployment" date="2025-12-18T12:16:38.783" >
      <step title="DeploymentManager.GetResults" date="2025-12-18T12:16:38.793" /><!-- duration: 1845ms -->
    </step><!-- duration: 1862ms -->
  </step><!-- duration: 1877ms -->
  <step title="Outgoing response" date="2025-12-18T12:16:40.655" type="response" statusCode="202" statusText="Accepted" /><!-- duration: 6ms -->
</step><!-- duration: 2018ms -->
