<step title="Incoming Request" date="2025-12-17T07:19:06.429" instance="4b281b" url="/api/deployments/latest?deployer=OneDeploy&amp;time=2025-12-17_07-17-49Z" method="GET" type="request" pid="831,1,64" Host="svs-stock-api.scm.azurewebsites.net" User-Agent="GITHUBACTIONS_DeployWebAppToAzure_9c77270b4dc11c65de193eb13ad2e59e3b6f8f2f23b9c7b3dc72a9e29892decc" Authorization="Bea..." Content-Type="application/json; charset=utf-8" Cookie="ARRAffinity=4b281b4a9d9abb39450d23d8928bbaecc835ef9d48685f67465bb26c36f1b731;Path=/;HttpOnly;Secure;Domain=svs-stock-api.scm.azurewebsites.net; ARRAffinitySameSite=4b281b4a9d9abb39450d23d8928bbaecc835ef9d48685f67465bb26c36f1b731;Path=/;HttpOnly;SameSite=None;Secure;Domain=svs-stock-api.scm.azurewebsites.net" Content-Length="0" X-ARR-LOG-ID="53b5e419-3768-44a5-b32c-31fcb449763c" CLIENT-IP="20.171.127.102:29696" X-SITE-DEPLOYMENT-ID="svs-stock-api" WAS-DEFAULT-HOSTNAME="svs-stock-api.scm.azurewebsites.net" X-Forwarded-Proto="https" X-AppService-Proto="https" X-Forwarded-TlsVersion="1.3" X-WAWS-Unencoded-URL="/api/deployments/latest?deployer=OneDeploy&amp;time=2025-12-17_07-17-49Z" X-Client-IP="20.171.127.102" X-Client-Port="29696" >
  <step title="Cleanup Xml Logs" date="2025-12-17T07:19:06.448" >
    <step title="Cleanup Infos" date="2025-12-17T07:19:06.487" totalFiles="220" totalCleanup="60" /><!-- duration: 10ms -->
  </step><!-- duration: 79ms -->
  <step title="DeploymentService.GetResult" date="2025-12-17T07:19:06.550" >
    <step title="DeploymentService.GetLatestDeployment" date="2025-12-17T07:19:06.561" >
      <step title="DeploymentManager.GetResults" date="2025-12-17T07:19:06.572" /><!-- duration: 1274ms -->
    </step><!-- duration: 1310ms -->
  </step><!-- duration: 1329ms -->
  <step title="Outgoing response" date="2025-12-17T07:19:07.901" type="response" statusCode="202" statusText="Accepted" /><!-- duration: 8ms -->
</step><!-- duration: 1492ms -->
