<step title="Incoming Request" date="2025-12-19T05:33:08.874" instance="93ba60" url="/api/deployments/latest?deployer=OneDeploy&amp;time=2025-12-19_05-32-06Z" method="GET" type="request" pid="833,1,16" Host="svs-stock-api.scm.azurewebsites.net" User-Agent="GITHUBACTIONS_DeployWebAppToAzure_9c77270b4dc11c65de193eb13ad2e59e3b6f8f2f23b9c7b3dc72a9e29892decc" Authorization="Bea..." Content-Type="application/json; charset=utf-8" Cookie="ARRAffinity=93ba60693efd27c98d25ac695a6ef440c44ba4652104de2a3ed78f5e62ba7f13;Path=/;HttpOnly;Secure;Domain=svs-stock-api.scm.azurewebsites.net; ARRAffinitySameSite=93ba60693efd27c98d25ac695a6ef440c44ba4652104de2a3ed78f5e62ba7f13;Path=/;HttpOnly;SameSite=None;Secure;Domain=svs-stock-api.scm.azurewebsites.net" Content-Length="0" X-ARR-LOG-ID="0596fcfa-5bd6-4521-a6a8-f4456f608b03" CLIENT-IP="172.215.218.19:14366" X-SITE-DEPLOYMENT-ID="svs-stock-api" WAS-DEFAULT-HOSTNAME="svs-stock-api.scm.azurewebsites.net" X-Forwarded-Proto="https" X-AppService-Proto="https" X-Forwarded-TlsVersion="1.3" X-WAWS-Unencoded-URL="/api/deployments/latest?deployer=OneDeploy&amp;time=2025-12-19_05-32-06Z" X-Client-IP="172.215.218.19" X-Client-Port="14366" >
  <step title="Cleanup Xml Logs" date="2025-12-19T05:33:08.883" >
    <step title="Cleanup Infos" date="2025-12-19T05:33:08.938" totalFiles="404" totalCleanup="244" /><!-- duration: 24ms -->
  </step><!-- duration: 97ms -->
  <step title="DeploymentService.GetResult" date="2025-12-19T05:33:09.000" >
    <step title="DeploymentService.GetLatestDeployment" date="2025-12-19T05:33:09.023" >
      <step title="DeploymentManager.GetResults" date="2025-12-19T05:33:09.035" /><!-- duration: 1183ms -->
    </step><!-- duration: 1232ms -->
  </step><!-- duration: 1274ms -->
  <step title="Outgoing response" date="2025-12-19T05:33:10.292" type="response" statusCode="202" statusText="Accepted" /><!-- duration: 18ms -->
</step><!-- duration: 1447ms -->
