<step title="BackgroundTrace" date="2025-12-15T10:38:29.322" instance="4b281b" url="/api/zipdeploy" method="POST" >
  <step title="Creating temporary deployment - FetchDeploymentManager" date="2025-12-15T10:38:29.501" /><!-- duration: 14ms -->
  <step title="Creating temporary deployment" date="2025-12-15T10:38:29.528" /><!-- duration: 150ms -->
  <step title="Performing fetch based deployment" date="2025-12-15T10:38:29.830" >
    <step title="Cleaning up temp folders from previous zip deployments and extracting pushed zip file /tmp/zipdeploy/8242a0b9-7838-4762-8c2e-cc8899af9fee.zip (0.35 MB) to /tmp/zipdeploy/extracted" date="2025-12-15T10:38:31.116" >
      <step title="ChmodRecursive Process exited with total time taken in ms: 101" date="2025-12-15T10:38:31.688" /><!-- duration: 12ms -->
    </step><!-- duration: 589ms -->
    <step title="Deployment timer started" date="2025-12-15T10:38:33.718" >
      <step title="DeploymentManager.Deploy(id:92320931-ce6e-4bd4-9479-3658539aa253)" date="2025-12-15T10:38:33.749" >
        <step title="Collecting changeset information" date="2025-12-15T10:38:33.770" /><!-- duration: 143ms -->
        <step title="Updating submodules" date="2025-12-15T10:38:33.933" /><!-- duration: 1191ms -->
        <step title="Determining deployment builder" date="2025-12-15T10:38:35.570" >
          <step title="Builder is BasicBuilder" date="2025-12-15T10:38:35.583" /><!-- duration: 4ms -->
        </step><!-- duration: 21ms -->
        <step title="PreDeployment: context.CleanOutputPath False" date="2025-12-15T10:38:35.659" >
          <step title="PreDeployment: context.OutputPath /home/site/wwwroot" date="2025-12-15T10:38:35.796" >
            <step title="Building" date="2025-12-15T10:38:35.987" >
              <step title="Executing external process" date="2025-12-15T10:38:36.393" type="process" path="starter.sh" arguments="/opt/Kudu/Scripts/parallel_rsync.sh /tmp/zipdeploy/extracted /home/site/wwwroot 8 /tmp/ False True  " /><!-- duration: 11100ms -->
              <step title="Triggering recycle (preview mode disabled)." date="2025-12-15T10:38:47.849" /><!-- duration: 4ms -->
              <step title="Modified file to trigger a restart of the app container." date="2025-12-15T10:38:47.907" /><!-- duration: 4ms -->
              <step title="Skip function trigger and logicapp sync because function is not enabled." date="2025-12-15T10:38:47.917" /><!-- duration: 7ms -->
            </step><!-- duration: 12671ms -->
          </step><!-- duration: 12873ms -->
          <step title="Cleaning up temp files" date="2025-12-15T10:38:48.673" /><!-- duration: 7ms -->
          <step title="Cleaning up temp files" date="2025-12-15T10:38:48.685" /><!-- duration: 505ms -->
          <step title="Reloading status file with latest updates" date="2025-12-15T10:38:49.229" >
            <step title="WebHooksManager.PublishEventAsync: PostDeployment" date="2025-12-15T10:38:49.236" /><!-- duration: 77ms -->
          </step><!-- duration: 88ms -->
          <step title="Cleaning up temporary deployment - fetch deployment was successful" date="2025-12-15T10:38:49.325" /><!-- duration: 5ms -->
        </step><!-- duration: 13760ms -->
      </step><!-- duration: 15700ms -->
