<step title="Incoming Request" date="2025-12-17T07:18:04.655" instance="4b281b" url="/api/deployments/latest?deployer=OneDeploy&amp;time=2025-12-17_07-17-49Z" method="GET" type="request" pid="831,1,64" Host="svs-stock-api.scm.azurewebsites.net" User-Agent="GITHUBACTIONS_DeployWebAppToAzure_9c77270b4dc11c65de193eb13ad2e59e3b6f8f2f23b9c7b3dc72a9e29892decc" Authorization="Bea..." Content-Type="application/json; charset=utf-8" Cookie="ARRAffinity=4b281b4a9d9abb39450d23d8928bbaecc835ef9d48685f67465bb26c36f1b731;Path=/;HttpOnly;Secure;Domain=svs-stock-api.scm.azurewebsites.net; ARRAffinitySameSite=4b281b4a9d9abb39450d23d8928bbaecc835ef9d48685f67465bb26c36f1b731;Path=/;HttpOnly;SameSite=None;Secure;Domain=svs-stock-api.scm.azurewebsites.net" Content-Length="0" X-ARR-LOG-ID="aa7d0640-994c-44ea-8cc2-31273951d85a" CLIENT-IP="20.171.127.102:29696" X-SITE-DEPLOYMENT-ID="svs-stock-api" WAS-DEFAULT-HOSTNAME="svs-stock-api.scm.azurewebsites.net" X-Forwarded-Proto="https" X-AppService-Proto="https" X-Forwarded-TlsVersion="1.3" X-WAWS-Unencoded-URL="/api/deployments/latest?deployer=OneDeploy&amp;time=2025-12-17_07-17-49Z" X-Client-IP="20.171.127.102" X-Client-Port="29696" >
  <step title="Cleanup Xml Logs" date="2025-12-17T07:18:04.687" >
    <step title="Cleanup Infos" date="2025-12-17T07:18:04.886" totalFiles="212" totalCleanup="52" /><!-- duration: 59ms -->
  </step><!-- duration: 300ms -->
  <step title="DeploymentService.GetResult" date="2025-12-17T07:18:05.129" >
    <step title="DeploymentService.GetLatestDeployment" date="2025-12-17T07:18:05.166" >
      <step title="DeploymentManager.GetResults" date="2025-12-17T07:18:05.277" /><!-- duration: 1646ms -->
    </step><!-- duration: 1786ms -->
  </step><!-- duration: 1843ms -->
  <step title="Outgoing response" date="2025-12-17T07:18:06.983" type="response" statusCode="202" statusText="Accepted" /><!-- duration: 20ms -->
</step><!-- duration: 2365ms -->
