<step title="BackgroundTrace" date="2025-12-18T21:45:48.919" instance="93ba60" url="/api/publish" method="POST" >
  <step title="Cleanup Xml Logs" date="2025-12-18T21:45:48.930" >
    <step title="Cleanup Infos" date="2025-12-18T21:45:48.949" totalFiles="340" totalCleanup="180" /><!-- duration: 9ms -->
  </step><!-- duration: 36ms -->
  <step title="Creating temporary deployment - FetchDeploymentManager" date="2025-12-18T21:45:49.066" /><!-- duration: 4ms -->
  <step title="Creating temporary deployment" date="2025-12-18T21:45:49.076" /><!-- duration: 77ms -->
  <step title="Performing fetch based deployment" date="2025-12-18T21:45:49.222" >
    <step title="Cleaning up temp folders from previous zip deployments and extracting pushed zip file /tmp/zipdeploy/3fd028f1-2cd3-47fb-b160-e63d8028c5c9.zip (48.13 MB) to /tmp/zipdeploy/extracted" date="2025-12-18T21:45:50.497" >
      <step title="ChmodRecursive Process exited with total time taken in ms: 751" date="2025-12-18T21:46:27.445" /><!-- duration: 17ms -->
    </step><!-- duration: 37000ms -->
    <step title="Deployment timer started" date="2025-12-18T21:46:29.575" >
      <step title="DeploymentManager.Deploy(id:f980e8eb-cfd9-41c3-80e4-ab978dfccf74)" date="2025-12-18T21:46:29.589" >
        <step title="Collecting changeset information" date="2025-12-18T21:46:29.617" /><!-- duration: 104ms -->
        <step title="Updating submodules" date="2025-12-18T21:46:29.731" /><!-- duration: 1171ms -->
        <step title="Determining deployment builder" date="2025-12-18T21:46:31.178" >
          <step title="Builder is OneDeployBuilder" date="2025-12-18T21:46:31.205" /><!-- duration: 9ms -->
        </step><!-- duration: 49ms -->
        <step title="PreDeployment: context.CleanOutputPath False" date="2025-12-18T21:46:31.299" >
          <step title="PreDeployment: context.OutputPath /home/site/wwwroot" date="2025-12-18T21:46:31.447" >
            <step title="Building" date="2025-12-18T21:46:31.614" >
              <step title="Executing external process" date="2025-12-18T21:46:32.503" type="process" path="starter.sh" arguments="/opt/Kudu/Scripts/absoluteTar.sh /tmp/zipdeploy/extracted/node_modules /tmp/zipdeploy/extracted/node_modules.tar.gz" /><!-- duration: 48583ms -->
              <step title="Executing external process" date="2025-12-18T21:47:21.935" type="process" path="starter.sh" arguments="/opt/Kudu/Scripts/parallel_rsync.sh /tmp/zipdeploy/extracted /home/site/wwwroot 8 /tmp/ False False node_modules " /><!-- duration: 24251ms -->
              <step title="Modified file to trigger a restart of the app container." date="2025-12-18T21:47:49.381" /><!-- duration: 20ms -->
              <step title="Skip function trigger and logicapp sync because function is not enabled." date="2025-12-18T21:47:49.435" /><!-- duration: 29ms -->
              <step title="Purge deployment items" date="2025-12-18T21:47:51.537" >
                <step title="Remove a0c08732-, Success, received at 12/17/2025 08:08:40" date="2025-12-18T21:47:51.716" /><!-- duration: 11ms -->
              </step><!-- duration: 211ms -->
            </step><!-- duration: 80312ms -->
          </step><!-- duration: 80504ms -->
          <step title="Cleaning up temp files" date="2025-12-18T21:47:51.972" /><!-- duration: 17ms -->
          <step title="Cleaning up temp files" date="2025-12-18T21:47:52.002" /><!-- duration: 543ms -->
          <step title="Reloading status file with latest updates" date="2025-12-18T21:47:52.687" >
            <step title="WebHooksManager.PublishEventAsync: PostDeployment" date="2025-12-18T21:47:52.754" /><!-- duration: 118ms -->
          </step><!-- duration: 193ms -->
          <step title="Cleaning up temporary deployment - fetch deployment was successful" date="2025-12-18T21:47:52.893" /><!-- duration: 6ms -->
        </step><!-- duration: 81655ms -->
      </step><!-- duration: 83387ms -->
