<step title="Incoming Request" date="2025-12-15T21:41:00.801" instance="4b281b" url="/api/publish?async=true&amp;deployer=GITHUB_ONE_DEPLOY&amp;type=zip&amp;message=%7B%22type%22%3A%22deployment%22%2C%22sha%22%3A%2260b78b7f88e814af6cf07ffb0445570814fc2fc1%22%2C%22repoName%22%3A%22autthapolsaiyat%2FStock-Management-System%22%2C%22actor%22%3A%22autthapolsaiyat%22%2C%22slotName%22%3A%22production%22%2C%22commitMessage%22%3A%22feat%3A%20add%20quotation%20type%20filtering%20for%20sales%20users%5Cn%5Cn-%20Add%20quotationType%20to%20users%20and%20products%5Cn-%20Sales%20users%20see%20only%20their%20product%20group%5Cn-%20Auto-set%20quotation%20type%20based%20on%20user%5Cn-%20Hide%20menu%20items%20for%20sales-only%20users%5Cn-%20Show%20user%20type%20badge%20in%20sidebar%22%7D" method="POST" type="request" pid="831,1,16" Host="svs-stock-api.scm.azurewebsites.net" User-Agent="GITHUBACTIONS_DeployWebAppToAzure_9c77270b4dc11c65de193eb13ad2e59e3b6f8f2f23b9c7b3dc72a9e29892decc" Authorization="Bea..." Content-Type="application/octet-stream" Cookie="ARRAffinity=4b281b4a9d9abb39450d23d8928bbaecc835ef9d48685f67465bb26c36f1b731;Path=/;HttpOnly;Secure;Domain=svs-stock-api.scm.azurewebsites.net; ARRAffinitySameSite=4b281b4a9d9abb39450d23d8928bbaecc835ef9d48685f67465bb26c36f1b731;Path=/;HttpOnly;SameSite=None;Secure;Domain=svs-stock-api.scm.azurewebsites.net" Transfer-Encoding="chunked" X-ARR-LOG-ID="99fd2d6a-6a1f-4a84-9614-c86f96a7b979" CLIENT-IP="52.159.246.5:34752" X-SITE-DEPLOYMENT-ID="svs-stock-api" WAS-DEFAULT-HOSTNAME="svs-stock-api.scm.azurewebsites.net" X-Forwarded-Proto="https" X-AppService-Proto="https" X-Forwarded-TlsVersion="1.3" X-WAWS-Unencoded-URL="/api/publish?async=true&amp;deployer=GITHUB_ONE_DEPLOY&amp;type=zip&amp;message=%7B%22type%22%3A%22deployment%22%2C%22sha%22%3A%2260b78b7f88e814af6cf07ffb0445570814fc2fc1%22%2C%22repoName%22%3A%22autthapolsaiyat%2FStock-Management-System%22%2C%22actor%22%3A%22autthapolsaiyat%22%2C%22slotName%22%3A%22production%22%2C%22commitMessage%22%3A%22feat%3A%20add%20quotation%20type%20filtering%20for%20sales%20users%5Cn%5Cn-%20Add%20quotationType%20to%20users%20and%20products%5Cn-%20Sales%20users%20see%20only%20their%20product%20group%5Cn-%20Auto-set%20quotation%20type%20based%20on%20user%5Cn-%20Hide%20menu%20items%20for%20sales-only%20users%5Cn-%20Show%20user%20type%20badge%20in%20sidebar%22%7D" X-Client-IP="52.159.246.5" X-Client-Port="34752" >
  <step title="OneDeploy" date="2025-12-15T21:41:00.868" >
    <step title="Starting PushDeployAsync" date="2025-12-15T21:41:00.880" /><!-- duration: 10ms -->
    <step title="Removing node_modules symlink" date="2025-12-15T21:41:00.904" >
      <step title="Writing artifact to /tmp/zipdeploy/4ada8a58-049e-4d4a-aa27-6d06afb8be75.zip" date="2025-12-15T21:41:00.975" >
        <step title="Writing multipart request body to /tmp/zipdeploy/4ada8a58-049e-4d4a-aa27-6d06afb8be75.zip" date="2025-12-15T21:41:00.979" /><!-- duration: 13ms -->
      </step><!-- duration: 3140ms -->
      <step title="Start deployment in the background" date="2025-12-15T21:41:04.139" >
        <step title="Acquiring Deployment Lock" date="2025-12-15T21:41:04.210" /><!-- duration: 11ms -->
        <step title="Acquired Deployment Lock" date="2025-12-15T21:41:04.285" /><!-- duration: 5ms -->
      </step><!-- duration: 284ms -->
    </step><!-- duration: 3530ms -->
    <step title="Outgoing response" date="2025-12-15T21:41:04.439" type="response" statusCode="202" statusText="Accepted" /><!-- duration: 6ms -->
  </step><!-- duration: 3582ms -->
