<step title="Incoming Request" date="2025-12-17T22:17:07.050" instance="93ba60" url="/api/deployments/latest?deployer=OneDeploy&amp;time=2025-12-17_22-16-10Z" method="GET" type="request" pid="833,1,18" Host="svs-stock-api.scm.azurewebsites.net" User-Agent="GITHUBACTIONS_DeployWebAppToAzure_9c77270b4dc11c65de193eb13ad2e59e3b6f8f2f23b9c7b3dc72a9e29892decc" Authorization="Bea..." Content-Type="application/json; charset=utf-8" Cookie="ARRAffinity=93ba60693efd27c98d25ac695a6ef440c44ba4652104de2a3ed78f5e62ba7f13;Path=/;HttpOnly;Secure;Domain=svs-stock-api.scm.azurewebsites.net; ARRAffinitySameSite=93ba60693efd27c98d25ac695a6ef440c44ba4652104de2a3ed78f5e62ba7f13;Path=/;HttpOnly;SameSite=None;Secure;Domain=svs-stock-api.scm.azurewebsites.net" Content-Length="0" X-ARR-LOG-ID="ced34e33-ab7f-4359-b085-00d9f7736b70" CLIENT-IP="52.173.219.151:38913" X-SITE-DEPLOYMENT-ID="svs-stock-api" WAS-DEFAULT-HOSTNAME="svs-stock-api.scm.azurewebsites.net" X-Forwarded-Proto="https" X-AppService-Proto="https" X-Forwarded-TlsVersion="1.3" X-WAWS-Unencoded-URL="/api/deployments/latest?deployer=OneDeploy&amp;time=2025-12-17_22-16-10Z" X-Client-IP="52.173.219.151" X-Client-Port="38913" >
  <step title="Cleanup Xml Logs" date="2025-12-17T22:17:07.060" >
    <step title="Cleanup Infos" date="2025-12-17T22:17:07.120" totalFiles="291" totalCleanup="131" /><!-- duration: 25ms -->
  </step><!-- duration: 102ms -->
  <step title="DeploymentService.GetResult" date="2025-12-17T22:17:07.201" >
    <step title="DeploymentService.GetLatestDeployment" date="2025-12-17T22:17:07.238" >
      <step title="DeploymentManager.GetResults" date="2025-12-17T22:17:07.273" /><!-- duration: 1204ms -->
    </step><!-- duration: 1269ms -->
  </step><!-- duration: 1324ms -->
  <step title="Outgoing response" date="2025-12-17T22:17:08.553" type="response" statusCode="202" statusText="Accepted" /><!-- duration: 27ms -->
</step><!-- duration: 1540ms -->
