<step title="Incoming Request" date="2025-12-18T21:46:26.833" instance="93ba60" url="/api/deployments/latest?deployer=OneDeploy&amp;time=2025-12-18_21-45-49Z" method="GET" type="request" pid="833,1,67" Host="svs-stock-api.scm.azurewebsites.net" User-Agent="GITHUBACTIONS_DeployWebAppToAzure_9c77270b4dc11c65de193eb13ad2e59e3b6f8f2f23b9c7b3dc72a9e29892decc" Authorization="Bea..." Content-Type="application/json; charset=utf-8" Cookie="ARRAffinity=93ba60693efd27c98d25ac695a6ef440c44ba4652104de2a3ed78f5e62ba7f13;Path=/;HttpOnly;Secure;Domain=svs-stock-api.scm.azurewebsites.net; ARRAffinitySameSite=93ba60693efd27c98d25ac695a6ef440c44ba4652104de2a3ed78f5e62ba7f13;Path=/;HttpOnly;SameSite=None;Secure;Domain=svs-stock-api.scm.azurewebsites.net" Content-Length="0" X-ARR-LOG-ID="1fe134be-864e-42af-8157-bac2495db3b2" CLIENT-IP="52.173.178.218:1025" X-SITE-DEPLOYMENT-ID="svs-stock-api" WAS-DEFAULT-HOSTNAME="svs-stock-api.scm.azurewebsites.net" X-Forwarded-Proto="https" X-AppService-Proto="https" X-Forwarded-TlsVersion="1.3" X-WAWS-Unencoded-URL="/api/deployments/latest?deployer=OneDeploy&amp;time=2025-12-18_21-45-49Z" X-Client-IP="52.173.178.218" X-Client-Port="1025" >
  <step title="Cleanup Xml Logs" date="2025-12-18T21:46:26.849" >
    <step title="Cleanup Infos" date="2025-12-18T21:46:26.899" totalFiles="346" totalCleanup="186" /><!-- duration: 44ms -->
  </step><!-- duration: 105ms -->
  <step title="DeploymentService.GetResult" date="2025-12-18T21:46:27.016" >
    <step title="DeploymentService.GetLatestDeployment" date="2025-12-18T21:46:27.051" >
      <step title="DeploymentManager.GetResults" date="2025-12-18T21:46:27.071" /><!-- duration: 898ms -->
    </step><!-- duration: 928ms -->
  </step><!-- duration: 967ms -->
  <step title="Outgoing response" date="2025-12-18T21:46:27.991" type="response" statusCode="202" statusText="Accepted" /><!-- duration: 5ms -->
</step><!-- duration: 1171ms -->
