<step title="Incoming Request" date="2025-12-19T06:19:10.605" instance="93ba60" url="/api/deployments/latest?deployer=OneDeploy&amp;time=2025-12-19_06-17-47Z" method="GET" type="request" pid="833,1,87" Host="svs-stock-api.scm.azurewebsites.net" User-Agent="GITHUBACTIONS_DeployWebAppToAzure_9c77270b4dc11c65de193eb13ad2e59e3b6f8f2f23b9c7b3dc72a9e29892decc" Authorization="Bea..." Content-Type="application/json; charset=utf-8" Cookie="ARRAffinity=93ba60693efd27c98d25ac695a6ef440c44ba4652104de2a3ed78f5e62ba7f13;Path=/;HttpOnly;Secure;Domain=svs-stock-api.scm.azurewebsites.net; ARRAffinitySameSite=93ba60693efd27c98d25ac695a6ef440c44ba4652104de2a3ed78f5e62ba7f13;Path=/;HttpOnly;SameSite=None;Secure;Domain=svs-stock-api.scm.azurewebsites.net" Content-Length="0" X-ARR-LOG-ID="04f70170-27c9-4b66-bf4d-23952c64aa1c" CLIENT-IP="172.215.216.225:63426" X-SITE-DEPLOYMENT-ID="svs-stock-api" WAS-DEFAULT-HOSTNAME="svs-stock-api.scm.azurewebsites.net" X-Forwarded-Proto="https" X-AppService-Proto="https" X-Forwarded-TlsVersion="1.3" X-WAWS-Unencoded-URL="/api/deployments/latest?deployer=OneDeploy&amp;time=2025-12-19_06-17-47Z" X-Client-IP="172.215.216.225" X-Client-Port="63426" >
  <step title="Cleanup Xml Logs" date="2025-12-19T06:19:10.615" >
    <step title="Cleanup Infos" date="2025-12-19T06:19:10.682" totalFiles="465" totalCleanup="305" /><!-- duration: 38ms -->
  </step><!-- duration: 121ms -->
  <step title="DeploymentService.GetResult" date="2025-12-19T06:19:10.757" >
    <step title="DeploymentService.GetLatestDeployment" date="2025-12-19T06:19:10.768" >
      <step title="DeploymentManager.GetResults" date="2025-12-19T06:19:10.778" /><!-- duration: 1237ms -->
    </step><!-- duration: 1273ms -->
  </step><!-- duration: 1301ms -->
  <step title="Outgoing response" date="2025-12-19T06:19:12.072" type="response" statusCode="202" statusText="Accepted" /><!-- duration: 17ms -->
</step><!-- duration: 1496ms -->
