<step title="Incoming Request" date="2025-12-17T09:48:42.452" instance="4b281b" url="/api/deployments/latest?deployer=OneDeploy&amp;time=2025-12-17_09-48-03Z" method="GET" type="request" pid="831,1,86" Host="svs-stock-api.scm.azurewebsites.net" User-Agent="GITHUBACTIONS_DeployWebAppToAzure_9c77270b4dc11c65de193eb13ad2e59e3b6f8f2f23b9c7b3dc72a9e29892decc" Authorization="Bea..." Content-Type="application/json; charset=utf-8" Cookie="ARRAffinity=4b281b4a9d9abb39450d23d8928bbaecc835ef9d48685f67465bb26c36f1b731;Path=/;HttpOnly;Secure;Domain=svs-stock-api.scm.azurewebsites.net; ARRAffinitySameSite=4b281b4a9d9abb39450d23d8928bbaecc835ef9d48685f67465bb26c36f1b731;Path=/;HttpOnly;SameSite=None;Secure;Domain=svs-stock-api.scm.azurewebsites.net" Content-Length="0" X-ARR-LOG-ID="fbab5b29-f242-4ec4-addc-6eb9cc1c86fc" CLIENT-IP="172.184.219.87:5121" X-SITE-DEPLOYMENT-ID="svs-stock-api" WAS-DEFAULT-HOSTNAME="svs-stock-api.scm.azurewebsites.net" X-Forwarded-Proto="https" X-AppService-Proto="https" X-Forwarded-TlsVersion="1.3" X-WAWS-Unencoded-URL="/api/deployments/latest?deployer=OneDeploy&amp;time=2025-12-17_09-48-03Z" X-Client-IP="172.184.219.87" X-Client-Port="5121" >
  <step title="Cleanup Xml Logs" date="2025-12-17T09:48:42.472" >
    <step title="Cleanup Infos" date="2025-12-17T09:48:42.504" totalFiles="268" totalCleanup="108" /><!-- duration: 29ms -->
  </step><!-- duration: 72ms -->
  <step title="DeploymentService.GetResult" date="2025-12-17T09:48:42.574" >
    <step title="DeploymentService.GetLatestDeployment" date="2025-12-17T09:48:42.585" >
      <step title="DeploymentManager.GetResults" date="2025-12-17T09:48:42.603" /><!-- duration: 1278ms -->
    </step><!-- duration: 1325ms -->
  </step><!-- duration: 1347ms -->
  <step title="Outgoing response" date="2025-12-17T09:48:43.941" type="response" statusCode="202" statusText="Accepted" /><!-- duration: 19ms -->
</step><!-- duration: 1528ms -->
