<step title="Incoming Request" date="2025-12-19T04:20:34.308" instance="93ba60" url="/api/deployments/latest?deployer=OneDeploy&amp;time=2025-12-19_04-19-40Z" method="GET" type="request" pid="833,1,61" Host="svs-stock-api.scm.azurewebsites.net" User-Agent="GITHUBACTIONS_DeployWebAppToAzure_9c77270b4dc11c65de193eb13ad2e59e3b6f8f2f23b9c7b3dc72a9e29892decc" Authorization="Bea..." Content-Type="application/json; charset=utf-8" Cookie="ARRAffinity=93ba60693efd27c98d25ac695a6ef440c44ba4652104de2a3ed78f5e62ba7f13;Path=/;HttpOnly;Secure;Domain=svs-stock-api.scm.azurewebsites.net; ARRAffinitySameSite=93ba60693efd27c98d25ac695a6ef440c44ba4652104de2a3ed78f5e62ba7f13;Path=/;HttpOnly;SameSite=None;Secure;Domain=svs-stock-api.scm.azurewebsites.net" Content-Length="0" X-ARR-LOG-ID="af36a426-ac2d-43bb-a6ae-e1d15b00e198" CLIENT-IP="52.234.43.181:13314" X-SITE-DEPLOYMENT-ID="svs-stock-api" WAS-DEFAULT-HOSTNAME="svs-stock-api.scm.azurewebsites.net" X-Forwarded-Proto="https" X-AppService-Proto="https" X-Forwarded-TlsVersion="1.3" X-WAWS-Unencoded-URL="/api/deployments/latest?deployer=OneDeploy&amp;time=2025-12-19_04-19-40Z" X-Client-IP="52.234.43.181" X-Client-Port="13314" >
  <step title="Cleanup Xml Logs" date="2025-12-19T04:20:34.322" >
    <step title="Cleanup Infos" date="2025-12-19T04:20:34.369" totalFiles="368" totalCleanup="208" /><!-- duration: 21ms -->
  </step><!-- duration: 84ms -->
  <step title="DeploymentService.GetResult" date="2025-12-19T04:20:34.436" >
    <step title="DeploymentService.GetLatestDeployment" date="2025-12-19T04:20:34.445" >
      <step title="DeploymentManager.GetResults" date="2025-12-19T04:20:34.472" /><!-- duration: 1206ms -->
    </step><!-- duration: 1244ms -->
  </step><!-- duration: 1264ms -->
  <step title="Outgoing response" date="2025-12-19T04:20:35.726" type="response" statusCode="202" statusText="Accepted" /><!-- duration: 11ms -->
</step><!-- duration: 1440ms -->
