<step title="Incoming Request" date="2025-12-19T04:37:47.329" instance="93ba60" url="/api/deployments/latest?deployer=OneDeploy&amp;time=2025-12-19_04-37-13Z" method="GET" type="request" pid="833,1,16" Host="svs-stock-api.scm.azurewebsites.net" User-Agent="GITHUBACTIONS_DeployWebAppToAzure_9c77270b4dc11c65de193eb13ad2e59e3b6f8f2f23b9c7b3dc72a9e29892decc" Authorization="Bea..." Content-Type="application/json; charset=utf-8" Cookie="ARRAffinity=93ba60693efd27c98d25ac695a6ef440c44ba4652104de2a3ed78f5e62ba7f13;Path=/;HttpOnly;Secure;Domain=svs-stock-api.scm.azurewebsites.net; ARRAffinitySameSite=93ba60693efd27c98d25ac695a6ef440c44ba4652104de2a3ed78f5e62ba7f13;Path=/;HttpOnly;SameSite=None;Secure;Domain=svs-stock-api.scm.azurewebsites.net" Content-Length="0" X-ARR-LOG-ID="9a4e5e26-992d-41fc-84aa-06e57a41e642" CLIENT-IP="172.214.45.193:24576" X-SITE-DEPLOYMENT-ID="svs-stock-api" WAS-DEFAULT-HOSTNAME="svs-stock-api.scm.azurewebsites.net" X-Forwarded-Proto="https" X-AppService-Proto="https" X-Forwarded-TlsVersion="1.3" X-WAWS-Unencoded-URL="/api/deployments/latest?deployer=OneDeploy&amp;time=2025-12-19_04-37-13Z" X-Client-IP="172.214.45.193" X-Client-Port="24576" >
  <step title="Cleanup Xml Logs" date="2025-12-19T04:37:47.338" >
    <step title="Cleanup Infos" date="2025-12-19T04:37:47.396" totalFiles="383" totalCleanup="223" /><!-- duration: 47ms -->
  </step><!-- duration: 121ms -->
  <step title="DeploymentService.GetResult" date="2025-12-19T04:37:47.496" >
    <step title="DeploymentService.GetLatestDeployment" date="2025-12-19T04:37:47.507" >
      <step title="DeploymentManager.GetResults" date="2025-12-19T04:37:47.517" /><!-- duration: 1053ms -->
    </step><!-- duration: 1103ms -->
  </step><!-- duration: 1125ms -->
  <step title="Outgoing response" date="2025-12-19T04:37:48.637" type="response" statusCode="202" statusText="Accepted" /><!-- duration: 20ms -->
</step><!-- duration: 1346ms -->
