<step title="Incoming Request" date="2025-12-19T05:46:48.637" instance="93ba60" url="/api/deployments/latest?deployer=OneDeploy&amp;time=2025-12-19_05-46-25Z" method="GET" type="request" pid="833,1,69" Host="svs-stock-api.scm.azurewebsites.net" User-Agent="GITHUBACTIONS_DeployWebAppToAzure_9c77270b4dc11c65de193eb13ad2e59e3b6f8f2f23b9c7b3dc72a9e29892decc" Authorization="Bea..." Content-Type="application/json; charset=utf-8" Cookie="ARRAffinity=93ba60693efd27c98d25ac695a6ef440c44ba4652104de2a3ed78f5e62ba7f13;Path=/;HttpOnly;Secure;Domain=svs-stock-api.scm.azurewebsites.net; ARRAffinitySameSite=93ba60693efd27c98d25ac695a6ef440c44ba4652104de2a3ed78f5e62ba7f13;Path=/;HttpOnly;SameSite=None;Secure;Domain=svs-stock-api.scm.azurewebsites.net" Content-Length="0" X-ARR-LOG-ID="ed0c4115-d44e-4e80-9a93-284731dfe037" CLIENT-IP="128.24.163.33:12299" X-SITE-DEPLOYMENT-ID="svs-stock-api" WAS-DEFAULT-HOSTNAME="svs-stock-api.scm.azurewebsites.net" X-Forwarded-Proto="https" X-AppService-Proto="https" X-Forwarded-TlsVersion="1.3" X-WAWS-Unencoded-URL="/api/deployments/latest?deployer=OneDeploy&amp;time=2025-12-19_05-46-25Z" X-Client-IP="128.24.163.33" X-Client-Port="12299" >
  <step title="Cleanup Xml Logs" date="2025-12-19T05:46:48.647" >
    <step title="Cleanup Infos" date="2025-12-19T05:46:48.716" totalFiles="419" totalCleanup="259" /><!-- duration: 19ms -->
  </step><!-- duration: 107ms -->
  <step title="DeploymentService.GetResult" date="2025-12-19T05:46:48.787" >
    <step title="DeploymentService.GetLatestDeployment" date="2025-12-19T05:46:48.806" >
      <step title="DeploymentManager.GetResults" date="2025-12-19T05:46:48.815" /><!-- duration: 1116ms -->
    </step><!-- duration: 1154ms -->
  </step><!-- duration: 1184ms -->
  <step title="Outgoing response" date="2025-12-19T05:46:49.983" type="response" statusCode="202" statusText="Accepted" /><!-- duration: 17ms -->
</step><!-- duration: 1372ms -->
