<step title="Incoming Request" date="2025-12-19T05:32:01.385" instance="93ba60" url="/api/publish?async=true&amp;deployer=GITHUB_ONE_DEPLOY&amp;type=zip&amp;message=%7B%22type%22%3A%22deployment%22%2C%22sha%22%3A%22ad995d8a159361328076568f002b5ef638faa1ff%22%2C%22repoName%22%3A%22autthapolsaiyat%2FStock-Management-System%22%2C%22actor%22%3A%22autthapolsaiyat%22%2C%22slotName%22%3A%22production%22%2C%22commitMessage%22%3A%22fix%3A%20confirm%20should%20set%20status%20to%20CONFIRMED%22%7D" method="POST" type="request" pid="833,1,57" Host="svs-stock-api.scm.azurewebsites.net" User-Agent="GITHUBACTIONS_DeployWebAppToAzure_9c77270b4dc11c65de193eb13ad2e59e3b6f8f2f23b9c7b3dc72a9e29892decc" Authorization="Bea..." Content-Type="application/octet-stream" Cookie="ARRAffinity=93ba60693efd27c98d25ac695a6ef440c44ba4652104de2a3ed78f5e62ba7f13;Path=/;HttpOnly;Secure;Domain=svs-stock-api.scm.azurewebsites.net; ARRAffinitySameSite=93ba60693efd27c98d25ac695a6ef440c44ba4652104de2a3ed78f5e62ba7f13;Path=/;HttpOnly;SameSite=None;Secure;Domain=svs-stock-api.scm.azurewebsites.net" Transfer-Encoding="chunked" X-ARR-LOG-ID="83270da1-b6c9-4c93-9be8-9bb190e9c6a6" CLIENT-IP="172.215.218.19:14360" X-SITE-DEPLOYMENT-ID="svs-stock-api" WAS-DEFAULT-HOSTNAME="svs-stock-api.scm.azurewebsites.net" X-Forwarded-Proto="https" X-AppService-Proto="https" X-Forwarded-TlsVersion="1.3" X-WAWS-Unencoded-URL="/api/publish?async=true&amp;deployer=GITHUB_ONE_DEPLOY&amp;type=zip&amp;message=%7B%22type%22%3A%22deployment%22%2C%22sha%22%3A%22ad995d8a159361328076568f002b5ef638faa1ff%22%2C%22repoName%22%3A%22autthapolsaiyat%2FStock-Management-System%22%2C%22actor%22%3A%22autthapolsaiyat%22%2C%22slotName%22%3A%22production%22%2C%22commitMessage%22%3A%22fix%3A%20confirm%20should%20set%20status%20to%20CONFIRMED%22%7D" X-Client-IP="172.215.218.19" X-Client-Port="14360" >
  <step title="OneDeploy" date="2025-12-19T05:32:01.422" >
    <step title="Starting PushDeployAsync" date="2025-12-19T05:32:01.443" /><!-- duration: 5ms -->
    <step title="Removing node_modules symlink" date="2025-12-19T05:32:01.501" >
      <step title="Writing artifact to /tmp/zipdeploy/7aee1616-a0d2-42f1-b093-8615f8172b6c.zip" date="2025-12-19T05:32:01.672" >
        <step title="Writing multipart request body to /tmp/zipdeploy/7aee1616-a0d2-42f1-b093-8615f8172b6c.zip" date="2025-12-19T05:32:01.683" /><!-- duration: 18ms -->
      </step><!-- duration: 4281ms -->
      <step title="Start deployment in the background" date="2025-12-19T05:32:06.093" >
        <step title="Acquiring Deployment Lock" date="2025-12-19T05:32:06.416" /><!-- duration: 19ms -->
        <step title="Acquired Deployment Lock" date="2025-12-19T05:32:06.533" /><!-- duration: 10ms -->
      </step><!-- duration: 732ms -->
    </step><!-- duration: 5377ms -->
    <step title="Outgoing response" date="2025-12-19T05:32:07.040" type="response" statusCode="202" statusText="Accepted" /><!-- duration: 21ms -->
  </step><!-- duration: 5666ms -->
