<step title="BackgroundTrace" date="2025-12-15T21:41:04.149" instance="4b281b" url="/api/publish" method="POST" >
  <step title="Cleanup Xml Logs" date="2025-12-15T21:41:04.164" /><!-- duration: 17ms -->
  <step title="Creating temporary deployment - FetchDeploymentManager" date="2025-12-15T21:41:04.293" /><!-- duration: 7ms -->
  <step title="Creating temporary deployment" date="2025-12-15T21:41:04.306" /><!-- duration: 112ms -->
  <step title="Performing fetch based deployment" date="2025-12-15T21:41:04.460" >
    <step title="Cleaning up temp folders from previous zip deployments and extracting pushed zip file /tmp/zipdeploy/4ada8a58-049e-4d4a-aa27-6d06afb8be75.zip (48.12 MB) to /tmp/zipdeploy/extracted" date="2025-12-15T21:41:06.219" >
      <step title="ChmodRecursive Process exited with total time taken in ms: 252" date="2025-12-15T21:41:29.512" /><!-- duration: 40ms -->
    </step><!-- duration: 23345ms -->
    <step title="Deployment timer started" date="2025-12-15T21:41:31.590" >
      <step title="DeploymentManager.Deploy(id:be172c05-a5af-4142-a314-8fc413d04efb)" date="2025-12-15T21:41:31.601" >
        <step title="Collecting changeset information" date="2025-12-15T21:41:31.634" /><!-- duration: 131ms -->
        <step title="Updating submodules" date="2025-12-15T21:41:31.774" /><!-- duration: 1152ms -->
        <step title="Determining deployment builder" date="2025-12-15T21:41:33.182" >
          <step title="Builder is OneDeployBuilder" date="2025-12-15T21:41:33.204" /><!-- duration: 5ms -->
        </step><!-- duration: 35ms -->
        <step title="PreDeployment: context.CleanOutputPath False" date="2025-12-15T21:41:33.276" >
          <step title="PreDeployment: context.OutputPath /home/site/wwwroot" date="2025-12-15T21:41:33.448" >
            <step title="Building" date="2025-12-15T21:41:33.612" >
              <step title="Executing external process" date="2025-12-15T21:41:34.564" type="process" path="starter.sh" arguments="/opt/Kudu/Scripts/absoluteTar.sh /tmp/zipdeploy/extracted/node_modules /tmp/zipdeploy/extracted/node_modules.tar.gz" /><!-- duration: 41929ms -->
              <step title="Executing external process" date="2025-12-15T21:42:17.215" type="process" path="starter.sh" arguments="/opt/Kudu/Scripts/parallel_rsync.sh /tmp/zipdeploy/extracted /home/site/wwwroot 8 /tmp/ False False node_modules " /><!-- duration: 17845ms -->
              <step title="Modified file to trigger a restart of the app container." date="2025-12-15T21:42:36.010" /><!-- duration: 5ms -->
              <step title="Skip function trigger and logicapp sync because function is not enabled." date="2025-12-15T21:42:36.021" /><!-- duration: 19ms -->
            </step><!-- duration: 63690ms -->
          </step><!-- duration: 63897ms -->
          <step title="Cleaning up temp files" date="2025-12-15T21:42:37.367" /><!-- duration: 39ms -->
          <step title="Cleaning up temp files" date="2025-12-15T21:42:37.438" /><!-- duration: 561ms -->
          <step title="Reloading status file with latest updates" date="2025-12-15T21:42:38.348" >
            <step title="WebHooksManager.PublishEventAsync: PostDeployment" date="2025-12-15T21:42:38.354" /><!-- duration: 58ms -->
          </step><!-- duration: 72ms -->
          <step title="Cleaning up temporary deployment - fetch deployment was successful" date="2025-12-15T21:42:38.436" /><!-- duration: 31ms -->
        </step><!-- duration: 65548ms -->
      </step><!-- duration: 67251ms -->
