<step title="Incoming Request" date="2025-12-17T22:16:01.469" instance="93ba60" url="/api/publish?async=true&amp;deployer=GITHUB_ONE_DEPLOY&amp;type=zip&amp;message=%7B%22type%22%3A%22deployment%22%2C%22sha%22%3A%22026fbccdaa0d97c1bdee047f9d163ec6c5ee7f53%22%2C%22repoName%22%3A%22autthapolsaiyat%2FStock-Management-System%22%2C%22actor%22%3A%22autthapolsaiyat%22%2C%22slotName%22%3A%22production%22%2C%22commitMessage%22%3A%22fix%3A%20temp%20product%20save%20and%20quotation%20update%20with%20items%20relation%22%7D" method="POST" type="request" pid="833,1,21" Host="svs-stock-api.scm.azurewebsites.net" User-Agent="GITHUBACTIONS_DeployWebAppToAzure_9c77270b4dc11c65de193eb13ad2e59e3b6f8f2f23b9c7b3dc72a9e29892decc" Authorization="Bea..." Content-Type="application/octet-stream" Cookie="ARRAffinity=93ba60693efd27c98d25ac695a6ef440c44ba4652104de2a3ed78f5e62ba7f13;Path=/;HttpOnly;Secure;Domain=svs-stock-api.scm.azurewebsites.net; ARRAffinitySameSite=93ba60693efd27c98d25ac695a6ef440c44ba4652104de2a3ed78f5e62ba7f13;Path=/;HttpOnly;SameSite=None;Secure;Domain=svs-stock-api.scm.azurewebsites.net" Transfer-Encoding="chunked" X-ARR-LOG-ID="a01d398b-a18e-46c1-be23-7b7c6c60355b" CLIENT-IP="52.173.219.151:38912" X-SITE-DEPLOYMENT-ID="svs-stock-api" WAS-DEFAULT-HOSTNAME="svs-stock-api.scm.azurewebsites.net" X-Forwarded-Proto="https" X-AppService-Proto="https" X-Forwarded-TlsVersion="1.3" X-WAWS-Unencoded-URL="/api/publish?async=true&amp;deployer=GITHUB_ONE_DEPLOY&amp;type=zip&amp;message=%7B%22type%22%3A%22deployment%22%2C%22sha%22%3A%22026fbccdaa0d97c1bdee047f9d163ec6c5ee7f53%22%2C%22repoName%22%3A%22autthapolsaiyat%2FStock-Management-System%22%2C%22actor%22%3A%22autthapolsaiyat%22%2C%22slotName%22%3A%22production%22%2C%22commitMessage%22%3A%22fix%3A%20temp%20product%20save%20and%20quotation%20update%20with%20items%20relation%22%7D" X-Client-IP="52.173.219.151" X-Client-Port="38912" >
  <step title="OneDeploy" date="2025-12-17T22:16:02.288" >
    <step title="None repository commit" date="2025-12-17T22:16:02.361" >
      <step title="Commit id: 973b709c-d09a-4997-abc2-8da49147a110" date="2025-12-17T22:16:02.383" Message="N/A" AuthorName="N/A" AuthorEmail="N/A" /><!-- duration: 19ms -->
    </step><!-- duration: 52ms -->
    <step title="Starting PushDeployAsync" date="2025-12-17T22:16:02.430" /><!-- duration: 18ms -->
    <step title="Removing node_modules symlink" date="2025-12-17T22:16:02.617" >
      <step title="Removing _del_node_modules symlink" date="2025-12-17T22:16:02.935" >
        <step title="Writing artifact to /tmp/zipdeploy/839daf4f-4dc1-411c-a44a-9e0a624d1742.zip" date="2025-12-17T22:16:03.121" >
          <step title="Writing multipart request body to /tmp/zipdeploy/839daf4f-4dc1-411c-a44a-9e0a624d1742.zip" date="2025-12-17T22:16:03.164" /><!-- duration: 27ms -->
        </step><!-- duration: 7020ms -->
        <step title="Start deployment in the background" date="2025-12-17T22:16:10.177" >
          <step title="Acquiring Deployment Lock" date="2025-12-17T22:16:10.305" /><!-- duration: 6ms -->
          <step title="Acquired Deployment Lock" date="2025-12-17T22:16:10.502" /><!-- duration: 6ms -->
        </step><!-- duration: 545ms -->
      </step><!-- duration: 7802ms -->
      <step title="Outgoing response" date="2025-12-17T22:16:10.766" type="response" statusCode="202" statusText="Accepted" /><!-- duration: 4ms -->
    </step><!-- duration: 8157ms -->
