<step title="Incoming Request" date="2025-12-17T09:47:58.932" instance="4b281b" url="/api/publish?async=true&amp;deployer=GITHUB_ONE_DEPLOY&amp;type=zip&amp;message=%7B%22type%22%3A%22deployment%22%2C%22sha%22%3A%228eb79fbca7e4962b06dfd5c140efc538b557bb8d%22%2C%22repoName%22%3A%22autthapolsaiyat%2FStock-Management-System%22%2C%22actor%22%3A%22autthapolsaiyat%22%2C%22slotName%22%3A%22production%22%2C%22commitMessage%22%3A%22fix%3A%20logo%20position%20center%20between%20addresses%2C%20signature%20placeholder%22%7D" method="POST" type="request" pid="831,1,89" Host="svs-stock-api.scm.azurewebsites.net" User-Agent="GITHUBACTIONS_DeployWebAppToAzure_9c77270b4dc11c65de193eb13ad2e59e3b6f8f2f23b9c7b3dc72a9e29892decc" Authorization="Bea..." Content-Type="application/octet-stream" Cookie="ARRAffinity=4b281b4a9d9abb39450d23d8928bbaecc835ef9d48685f67465bb26c36f1b731;Path=/;HttpOnly;Secure;Domain=svs-stock-api.scm.azurewebsites.net; ARRAffinitySameSite=4b281b4a9d9abb39450d23d8928bbaecc835ef9d48685f67465bb26c36f1b731;Path=/;HttpOnly;SameSite=None;Secure;Domain=svs-stock-api.scm.azurewebsites.net" Transfer-Encoding="chunked" X-ARR-LOG-ID="fe854c61-b55a-49fd-bf9f-6cd2a3c4aef8" CLIENT-IP="172.184.219.87:5120" X-SITE-DEPLOYMENT-ID="svs-stock-api" WAS-DEFAULT-HOSTNAME="svs-stock-api.scm.azurewebsites.net" X-Forwarded-Proto="https" X-AppService-Proto="https" X-Forwarded-TlsVersion="1.3" X-WAWS-Unencoded-URL="/api/publish?async=true&amp;deployer=GITHUB_ONE_DEPLOY&amp;type=zip&amp;message=%7B%22type%22%3A%22deployment%22%2C%22sha%22%3A%228eb79fbca7e4962b06dfd5c140efc538b557bb8d%22%2C%22repoName%22%3A%22autthapolsaiyat%2FStock-Management-System%22%2C%22actor%22%3A%22autthapolsaiyat%22%2C%22slotName%22%3A%22production%22%2C%22commitMessage%22%3A%22fix%3A%20logo%20position%20center%20between%20addresses%2C%20signature%20placeholder%22%7D" X-Client-IP="172.184.219.87" X-Client-Port="5120" >
  <step title="OneDeploy" date="2025-12-17T09:47:58.946" >
    <step title="Starting PushDeployAsync" date="2025-12-17T09:47:58.956" /><!-- duration: 5ms -->
    <step title="Removing node_modules symlink" date="2025-12-17T09:47:58.974" >
      <step title="Writing artifact to /tmp/zipdeploy/43cd1559-1fec-4e86-9f67-ffff4258e361.zip" date="2025-12-17T09:47:59.083" >
        <step title="Writing multipart request body to /tmp/zipdeploy/43cd1559-1fec-4e86-9f67-ffff4258e361.zip" date="2025-12-17T09:47:59.088" /><!-- duration: 13ms -->
      </step><!-- duration: 3393ms -->
      <step title="Start deployment in the background" date="2025-12-17T09:48:02.553" >
        <step title="Acquiring Deployment Lock" date="2025-12-17T09:48:02.811" /><!-- duration: 29ms -->
        <step title="Acquired Deployment Lock" date="2025-12-17T09:48:02.939" /><!-- duration: 21ms -->
      </step><!-- duration: 762ms -->
    </step><!-- duration: 4434ms -->
    <step title="Outgoing response" date="2025-12-17T09:48:03.429" type="response" statusCode="202" statusText="Accepted" /><!-- duration: 17ms -->
  </step><!-- duration: 4520ms -->
