<step title="Incoming Request" date="2025-12-18T21:37:49.397" instance="93ba60" url="/api/publish?async=true&amp;deployer=GITHUB_ONE_DEPLOY&amp;type=zip&amp;message=%7B%22type%22%3A%22deployment%22%2C%22sha%22%3A%22d1e20d2a17aabb19213041eddf4f48cd3afba454%22%2C%22repoName%22%3A%22autthapolsaiyat%2FStock-Management-System%22%2C%22actor%22%3A%22autthapolsaiyat%22%2C%22slotName%22%3A%22production%22%2C%22commitMessage%22%3A%22feat%3A%20new%20quotation%20number%20format%20SVS-%5BTYPE%5D-%5BSEQ%5D-%5BMM%5D-%5BYY%5D%22%7D" method="POST" type="request" pid="833,1,55" Host="svs-stock-api.scm.azurewebsites.net" User-Agent="GITHUBACTIONS_DeployWebAppToAzure_9c77270b4dc11c65de193eb13ad2e59e3b6f8f2f23b9c7b3dc72a9e29892decc" Authorization="Bea..." Content-Type="application/octet-stream" Cookie="ARRAffinity=93ba60693efd27c98d25ac695a6ef440c44ba4652104de2a3ed78f5e62ba7f13;Path=/;HttpOnly;Secure;Domain=svs-stock-api.scm.azurewebsites.net; ARRAffinitySameSite=93ba60693efd27c98d25ac695a6ef440c44ba4652104de2a3ed78f5e62ba7f13;Path=/;HttpOnly;SameSite=None;Secure;Domain=svs-stock-api.scm.azurewebsites.net" Transfer-Encoding="chunked" X-ARR-LOG-ID="f5c9cc6c-70ac-4a79-9c1a-0dd035a2d496" CLIENT-IP="40.76.117.229:38848" X-SITE-DEPLOYMENT-ID="svs-stock-api" WAS-DEFAULT-HOSTNAME="svs-stock-api.scm.azurewebsites.net" X-Forwarded-Proto="https" X-AppService-Proto="https" X-Forwarded-TlsVersion="1.3" X-WAWS-Unencoded-URL="/api/publish?async=true&amp;deployer=GITHUB_ONE_DEPLOY&amp;type=zip&amp;message=%7B%22type%22%3A%22deployment%22%2C%22sha%22%3A%22d1e20d2a17aabb19213041eddf4f48cd3afba454%22%2C%22repoName%22%3A%22autthapolsaiyat%2FStock-Management-System%22%2C%22actor%22%3A%22autthapolsaiyat%22%2C%22slotName%22%3A%22production%22%2C%22commitMessage%22%3A%22feat%3A%20new%20quotation%20number%20format%20SVS-%5BTYPE%5D-%5BSEQ%5D-%5BMM%5D-%5BYY%5D%22%7D" X-Client-IP="40.76.117.229" X-Client-Port="38848" >
  <step title="OneDeploy" date="2025-12-18T21:37:49.636" >
    <step title="Starting PushDeployAsync" date="2025-12-18T21:37:49.679" /><!-- duration: 6ms -->
    <step title="Removing node_modules symlink" date="2025-12-18T21:37:49.804" >
      <step title="Writing artifact to /tmp/zipdeploy/fe5d1ac9-dbed-49b1-9ab7-1733243c67ff.zip" date="2025-12-18T21:37:50.011" >
        <step title="Writing multipart request body to /tmp/zipdeploy/fe5d1ac9-dbed-49b1-9ab7-1733243c67ff.zip" date="2025-12-18T21:37:50.018" /><!-- duration: 10ms -->
      </step><!-- duration: 3812ms -->
      <step title="Start deployment in the background" date="2025-12-18T21:37:53.878" >
        <step title="Acquiring Deployment Lock" date="2025-12-18T21:37:54.014" /><!-- duration: 6ms -->
        <step title="Acquired Deployment Lock" date="2025-12-18T21:37:54.083" /><!-- duration: 10ms -->
      </step><!-- duration: 523ms -->
    </step><!-- duration: 4658ms -->
    <step title="Outgoing response" date="2025-12-18T21:37:54.508" type="response" statusCode="202" statusText="Accepted" /><!-- duration: 7ms -->
  </step><!-- duration: 4886ms -->
