<step title="Incoming Request" date="2025-12-17T09:09:16.288" instance="4b281b" url="/api/deployments/latest?deployer=OneDeploy&amp;time=2025-12-17_09-07-58Z" method="GET" type="request" pid="831,1,30" Host="svs-stock-api.scm.azurewebsites.net" User-Agent="GITHUBACTIONS_DeployWebAppToAzure_9c77270b4dc11c65de193eb13ad2e59e3b6f8f2f23b9c7b3dc72a9e29892decc" Authorization="Bea..." Content-Type="application/json; charset=utf-8" Cookie="ARRAffinity=4b281b4a9d9abb39450d23d8928bbaecc835ef9d48685f67465bb26c36f1b731;Path=/;HttpOnly;Secure;Domain=svs-stock-api.scm.azurewebsites.net; ARRAffinitySameSite=4b281b4a9d9abb39450d23d8928bbaecc835ef9d48685f67465bb26c36f1b731;Path=/;HttpOnly;SameSite=None;Secure;Domain=svs-stock-api.scm.azurewebsites.net" Content-Length="0" X-ARR-LOG-ID="f90a0ae7-9d13-450f-baa2-1b6a60517922" CLIENT-IP="52.159.229.68:55360" X-SITE-DEPLOYMENT-ID="svs-stock-api" WAS-DEFAULT-HOSTNAME="svs-stock-api.scm.azurewebsites.net" X-Forwarded-Proto="https" X-AppService-Proto="https" X-Forwarded-TlsVersion="1.3" X-WAWS-Unencoded-URL="/api/deployments/latest?deployer=OneDeploy&amp;time=2025-12-17_09-07-58Z" X-Client-IP="52.159.229.68" X-Client-Port="55360" >
  <step title="Cleanup Xml Logs" date="2025-12-17T09:09:16.300" >
    <step title="Cleanup Infos" date="2025-12-17T09:09:16.327" totalFiles="241" totalCleanup="81" /><!-- duration: 25ms -->
  </step><!-- duration: 61ms -->
  <step title="DeploymentService.GetResult" date="2025-12-17T09:09:16.380" >
    <step title="DeploymentService.GetLatestDeployment" date="2025-12-17T09:09:16.395" >
      <step title="DeploymentManager.GetResults" date="2025-12-17T09:09:16.409" /><!-- duration: 919ms -->
    </step><!-- duration: 949ms -->
  </step><!-- duration: 968ms -->
  <step title="Outgoing response" date="2025-12-17T09:09:17.361" type="response" statusCode="202" statusText="Accepted" /><!-- duration: 5ms -->
</step><!-- duration: 1084ms -->
