<step title="Incoming Request" date="2025-12-18T21:45:44.995" instance="93ba60" url="/api/publish?async=true&amp;deployer=GITHUB_ONE_DEPLOY&amp;type=zip&amp;message=%7B%22type%22%3A%22deployment%22%2C%22sha%22%3A%22d1e20d2a17aabb19213041eddf4f48cd3afba454%22%2C%22repoName%22%3A%22autthapolsaiyat%2FStock-Management-System%22%2C%22actor%22%3A%22autthapolsaiyat%22%2C%22slotName%22%3A%22production%22%2C%22commitMessage%22%3A%22%22%7D" method="POST" type="request" pid="833,1,69" Host="svs-stock-api.scm.azurewebsites.net" User-Agent="GITHUBACTIONS_DeployWebAppToAzure_9c77270b4dc11c65de193eb13ad2e59e3b6f8f2f23b9c7b3dc72a9e29892decc" Authorization="Bea..." Content-Type="application/octet-stream" Cookie="ARRAffinity=93ba60693efd27c98d25ac695a6ef440c44ba4652104de2a3ed78f5e62ba7f13;Path=/;HttpOnly;Secure;Domain=svs-stock-api.scm.azurewebsites.net; ARRAffinitySameSite=93ba60693efd27c98d25ac695a6ef440c44ba4652104de2a3ed78f5e62ba7f13;Path=/;HttpOnly;SameSite=None;Secure;Domain=svs-stock-api.scm.azurewebsites.net" Transfer-Encoding="chunked" X-ARR-LOG-ID="09495f9b-06d6-4954-b3f2-76b5afcac6d3" CLIENT-IP="52.173.178.218:1024" X-SITE-DEPLOYMENT-ID="svs-stock-api" WAS-DEFAULT-HOSTNAME="svs-stock-api.scm.azurewebsites.net" X-Forwarded-Proto="https" X-AppService-Proto="https" X-Forwarded-TlsVersion="1.3" X-WAWS-Unencoded-URL="/api/publish?async=true&amp;deployer=GITHUB_ONE_DEPLOY&amp;type=zip&amp;message=%7B%22type%22%3A%22deployment%22%2C%22sha%22%3A%22d1e20d2a17aabb19213041eddf4f48cd3afba454%22%2C%22repoName%22%3A%22autthapolsaiyat%2FStock-Management-System%22%2C%22actor%22%3A%22autthapolsaiyat%22%2C%22slotName%22%3A%22production%22%2C%22commitMessage%22%3A%22%22%7D" X-Client-IP="52.173.178.218" X-Client-Port="1024" >
  <step title="OneDeploy" date="2025-12-18T21:45:45.020" >
    <step title="Starting PushDeployAsync" date="2025-12-18T21:45:45.044" /><!-- duration: 15ms -->
    <step title="Removing node_modules symlink" date="2025-12-18T21:45:45.096" >
      <step title="Writing artifact to /tmp/zipdeploy/3fd028f1-2cd3-47fb-b160-e63d8028c5c9.zip" date="2025-12-18T21:45:45.306" >
        <step title="Writing multipart request body to /tmp/zipdeploy/3fd028f1-2cd3-47fb-b160-e63d8028c5c9.zip" date="2025-12-18T21:45:45.335" /><!-- duration: 21ms -->
      </step><!-- duration: 3579ms -->
      <step title="Start deployment in the background" date="2025-12-18T21:45:48.912" >
        <step title="Acquiring Deployment Lock" date="2025-12-18T21:45:48.997" /><!-- duration: 5ms -->
        <step title="Acquired Deployment Lock" date="2025-12-18T21:45:49.057" /><!-- duration: 4ms -->
      </step><!-- duration: 249ms -->
    </step><!-- duration: 4079ms -->
    <step title="Outgoing response" date="2025-12-18T21:45:49.182" type="response" statusCode="202" statusText="Accepted" /><!-- duration: 7ms -->
  </step><!-- duration: 4174ms -->
