<step title="Incoming Request" date="2025-12-16T13:45:12.590" instance="4b281b" url="/api/deployments/latest?deployer=OneDeploy&amp;time=2025-12-16_13-43-42Z" method="GET" type="request" pid="831,1,57" Host="svs-stock-api.scm.azurewebsites.net" User-Agent="GITHUBACTIONS_DeployWebAppToAzure_9c77270b4dc11c65de193eb13ad2e59e3b6f8f2f23b9c7b3dc72a9e29892decc" Authorization="Bea..." Content-Type="application/json; charset=utf-8" Cookie="ARRAffinity=4b281b4a9d9abb39450d23d8928bbaecc835ef9d48685f67465bb26c36f1b731;Path=/;HttpOnly;Secure;Domain=svs-stock-api.scm.azurewebsites.net; ARRAffinitySameSite=4b281b4a9d9abb39450d23d8928bbaecc835ef9d48685f67465bb26c36f1b731;Path=/;HttpOnly;SameSite=None;Secure;Domain=svs-stock-api.scm.azurewebsites.net" Content-Length="0" X-ARR-LOG-ID="0b4ea23d-2b8f-4f8d-a8ad-3fdd7556c2f3" CLIENT-IP="64.236.134.168:57346" X-SITE-DEPLOYMENT-ID="svs-stock-api" WAS-DEFAULT-HOSTNAME="svs-stock-api.scm.azurewebsites.net" X-Forwarded-Proto="https" X-AppService-Proto="https" X-Forwarded-TlsVersion="1.3" X-WAWS-Unencoded-URL="/api/deployments/latest?deployer=OneDeploy&amp;time=2025-12-16_13-43-42Z" X-Client-IP="64.236.134.168" X-Client-Port="57346" >
  <step title="Cleanup Xml Logs" date="2025-12-16T13:45:12.612" >
    <step title="Cleanup Infos" date="2025-12-16T13:45:12.652" totalFiles="203" totalCleanup="43" /><!-- duration: 31ms -->
  </step><!-- duration: 85ms -->
  <step title="DeploymentService.GetResult" date="2025-12-16T13:45:12.725" >
    <step title="DeploymentService.GetLatestDeployment" date="2025-12-16T13:45:12.744" >
      <step title="DeploymentManager.GetResults" date="2025-12-16T13:45:12.750" /><!-- duration: 1917ms -->
    </step><!-- duration: 1935ms -->
  </step><!-- duration: 1972ms -->
  <step title="Outgoing response" date="2025-12-16T13:45:14.709" type="response" statusCode="202" statusText="Accepted" /><!-- duration: 19ms -->
</step><!-- duration: 2144ms -->
