<step title="Incoming Request" date="2025-12-18T21:46:56.116" instance="93ba60" url="/api/deployments/latest?deployer=OneDeploy&amp;time=2025-12-18_21-45-49Z" method="GET" type="request" pid="833,1,90" Host="svs-stock-api.scm.azurewebsites.net" User-Agent="GITHUBACTIONS_DeployWebAppToAzure_9c77270b4dc11c65de193eb13ad2e59e3b6f8f2f23b9c7b3dc72a9e29892decc" Authorization="Bea..." Content-Type="application/json; charset=utf-8" Cookie="ARRAffinity=93ba60693efd27c98d25ac695a6ef440c44ba4652104de2a3ed78f5e62ba7f13;Path=/;HttpOnly;Secure;Domain=svs-stock-api.scm.azurewebsites.net; ARRAffinitySameSite=93ba60693efd27c98d25ac695a6ef440c44ba4652104de2a3ed78f5e62ba7f13;Path=/;HttpOnly;SameSite=None;Secure;Domain=svs-stock-api.scm.azurewebsites.net" Content-Length="0" X-ARR-LOG-ID="173c0e8d-ff71-4cde-992d-1884609a5d91" CLIENT-IP="52.173.178.218:1025" X-SITE-DEPLOYMENT-ID="svs-stock-api" WAS-DEFAULT-HOSTNAME="svs-stock-api.scm.azurewebsites.net" X-Forwarded-Proto="https" X-AppService-Proto="https" X-Forwarded-TlsVersion="1.3" X-WAWS-Unencoded-URL="/api/deployments/latest?deployer=OneDeploy&amp;time=2025-12-18_21-45-49Z" X-Client-IP="52.173.178.218" X-Client-Port="1025" >
  <step title="Cleanup Xml Logs" date="2025-12-18T21:46:56.128" >
    <step title="Cleanup Infos" date="2025-12-18T21:46:56.175" totalFiles="350" totalCleanup="190" /><!-- duration: 17ms -->
  </step><!-- duration: 77ms -->
  <step title="DeploymentService.GetResult" date="2025-12-18T21:46:56.243" >
    <step title="DeploymentService.GetLatestDeployment" date="2025-12-18T21:46:56.256" >
      <step title="DeploymentManager.GetResults" date="2025-12-18T21:46:56.294" /><!-- duration: 1166ms -->
    </step><!-- duration: 1229ms -->
  </step><!-- duration: 1257ms -->
  <step title="Outgoing response" date="2025-12-18T21:46:57.520" type="response" statusCode="202" statusText="Accepted" /><!-- duration: 32ms -->
</step><!-- duration: 1455ms -->
