<step title="Incoming Request" date="2025-12-16T01:27:59.900" instance="4b281b" url="/api/publish?async=true&amp;deployer=GITHUB_ONE_DEPLOY&amp;type=zip&amp;message=%7B%22type%22%3A%22deployment%22%2C%22sha%22%3A%2219d5aa975a56987ec9ad1e9182a324b26763c8e4%22%2C%22repoName%22%3A%22autthapolsaiyat%2FStock-Management-System%22%2C%22actor%22%3A%22autthapolsaiyat%22%2C%22slotName%22%3A%22production%22%2C%22commitMessage%22%3A%22feat%3A%20add%20user%20settings%20page%5Cn%5Cn-%20Seller%20settings%20(name%2C%20phone%2C%20email%2C%20signature)%5Cn-%20Quotation%20defaults%20(valid%20days%2C%20delivery%2C%20credit%20terms)%5Cn-%20Signature%20upload%20and%20clipboard%20paste%20support%5Cn-%20Settings%20stored%20per%20user%20in%20database%22%7D" method="POST" type="request" pid="831,1,56" Host="svs-stock-api.scm.azurewebsites.net" User-Agent="GITHUBACTIONS_DeployWebAppToAzure_9c77270b4dc11c65de193eb13ad2e59e3b6f8f2f23b9c7b3dc72a9e29892decc" Authorization="Bea..." Content-Type="application/octet-stream" Cookie="ARRAffinity=4b281b4a9d9abb39450d23d8928bbaecc835ef9d48685f67465bb26c36f1b731;Path=/;HttpOnly;Secure;Domain=svs-stock-api.scm.azurewebsites.net; ARRAffinitySameSite=4b281b4a9d9abb39450d23d8928bbaecc835ef9d48685f67465bb26c36f1b731;Path=/;HttpOnly;SameSite=None;Secure;Domain=svs-stock-api.scm.azurewebsites.net" Transfer-Encoding="chunked" X-ARR-LOG-ID="091fc79c-9dc8-402d-b66f-8c3c31089310" CLIENT-IP="172.172.158.5:23552" X-SITE-DEPLOYMENT-ID="svs-stock-api" WAS-DEFAULT-HOSTNAME="svs-stock-api.scm.azurewebsites.net" X-Forwarded-Proto="https" X-AppService-Proto="https" X-Forwarded-TlsVersion="1.3" X-WAWS-Unencoded-URL="/api/publish?async=true&amp;deployer=GITHUB_ONE_DEPLOY&amp;type=zip&amp;message=%7B%22type%22%3A%22deployment%22%2C%22sha%22%3A%2219d5aa975a56987ec9ad1e9182a324b26763c8e4%22%2C%22repoName%22%3A%22autthapolsaiyat%2FStock-Management-System%22%2C%22actor%22%3A%22autthapolsaiyat%22%2C%22slotName%22%3A%22production%22%2C%22commitMessage%22%3A%22feat%3A%20add%20user%20settings%20page%5Cn%5Cn-%20Seller%20settings%20(name%2C%20phone%2C%20email%2C%20signature)%5Cn-%20Quotation%20defaults%20(valid%20days%2C%20delivery%2C%20credit%20terms)%5Cn-%20Signature%20upload%20and%20clipboard%20paste%20support%5Cn-%20Settings%20stored%20per%20user%20in%20database%22%7D" X-Client-IP="172.172.158.5" X-Client-Port="23552" >
  <step title="OneDeploy" date="2025-12-16T01:28:00.174" >
    <step title="Starting PushDeployAsync" date="2025-12-16T01:28:00.365" /><!-- duration: 69ms -->
    <step title="Removing node_modules symlink" date="2025-12-16T01:28:00.587" >
      <step title="Writing artifact to /tmp/zipdeploy/391a7607-969c-44e3-afac-00ac2f06638d.zip" date="2025-12-16T01:28:00.744" >
        <step title="Writing multipart request body to /tmp/zipdeploy/391a7607-969c-44e3-afac-00ac2f06638d.zip" date="2025-12-16T01:28:00.829" /><!-- duration: 27ms -->
      </step><!-- duration: 5366ms -->
      <step title="Start deployment in the background" date="2025-12-16T01:28:06.210" >
        <step title="Acquiring Deployment Lock" date="2025-12-16T01:28:06.445" /><!-- duration: 28ms -->
        <step title="Acquired Deployment Lock" date="2025-12-16T01:28:06.606" /><!-- duration: 11ms -->
      </step><!-- duration: 796ms -->
    </step><!-- duration: 6562ms -->
    <step title="Outgoing response" date="2025-12-16T01:28:07.178" type="response" statusCode="202" statusText="Accepted" /><!-- duration: 11ms -->
  </step><!-- duration: 7025ms -->
