<step title="Incoming Request" date="2025-12-18T21:38:35.805" instance="93ba60" url="/api/deployments/latest?deployer=OneDeploy&amp;time=2025-12-18_21-37-54Z" method="GET" type="request" pid="833,1,62" Host="svs-stock-api.scm.azurewebsites.net" User-Agent="GITHUBACTIONS_DeployWebAppToAzure_9c77270b4dc11c65de193eb13ad2e59e3b6f8f2f23b9c7b3dc72a9e29892decc" Authorization="Bea..." Content-Type="application/json; charset=utf-8" Cookie="ARRAffinity=93ba60693efd27c98d25ac695a6ef440c44ba4652104de2a3ed78f5e62ba7f13;Path=/;HttpOnly;Secure;Domain=svs-stock-api.scm.azurewebsites.net; ARRAffinitySameSite=93ba60693efd27c98d25ac695a6ef440c44ba4652104de2a3ed78f5e62ba7f13;Path=/;HttpOnly;SameSite=None;Secure;Domain=svs-stock-api.scm.azurewebsites.net" Content-Length="0" X-ARR-LOG-ID="beb4cc84-a9e7-451e-8155-aa5dc38fa1da" CLIENT-IP="40.76.117.229:38849" X-SITE-DEPLOYMENT-ID="svs-stock-api" WAS-DEFAULT-HOSTNAME="svs-stock-api.scm.azurewebsites.net" X-Forwarded-Proto="https" X-AppService-Proto="https" X-Forwarded-TlsVersion="1.3" X-WAWS-Unencoded-URL="/api/deployments/latest?deployer=OneDeploy&amp;time=2025-12-18_21-37-54Z" X-Client-IP="40.76.117.229" X-Client-Port="38849" >
  <step title="Cleanup Xml Logs" date="2025-12-18T21:38:35.815" >
    <step title="Cleanup Infos" date="2025-12-18T21:38:35.866" totalFiles="329" totalCleanup="169" /><!-- duration: 21ms -->
  </step><!-- duration: 89ms -->
  <step title="DeploymentService.GetResult" date="2025-12-18T21:38:35.984" >
    <step title="DeploymentService.GetLatestDeployment" date="2025-12-18T21:38:36.006" >
      <step title="DeploymentManager.GetResults" date="2025-12-18T21:38:36.017" /><!-- duration: 1176ms -->
    </step><!-- duration: 1233ms -->
  </step><!-- duration: 1275ms -->
  <step title="Outgoing response" date="2025-12-18T21:38:37.319" type="response" statusCode="202" statusText="Accepted" /><!-- duration: 29ms -->
</step><!-- duration: 1562ms -->
