<step title="Incoming Request" date="2025-12-19T06:14:07.458" instance="93ba60" url="/api/publish?async=true&amp;deployer=GITHUB_ONE_DEPLOY&amp;type=zip&amp;message=%7B%22type%22%3A%22deployment%22%2C%22sha%22%3A%224c903457f65c0168aaaf2e2af0409be8ad4f8084%22%2C%22repoName%22%3A%22autthapolsaiyat%2FStock-Management-System%22%2C%22actor%22%3A%22autthapolsaiyat%22%2C%22slotName%22%3A%22production%22%2C%22commitMessage%22%3A%22fix%3A%20allow%20CONFIRMED%20quotations%20to%20create%20PO%22%7D" method="POST" type="request" pid="833,1,7" Host="svs-stock-api.scm.azurewebsites.net" User-Agent="GITHUBACTIONS_DeployWebAppToAzure_9c77270b4dc11c65de193eb13ad2e59e3b6f8f2f23b9c7b3dc72a9e29892decc" Authorization="Bea..." Content-Type="application/octet-stream" Cookie="ARRAffinity=93ba60693efd27c98d25ac695a6ef440c44ba4652104de2a3ed78f5e62ba7f13;Path=/;HttpOnly;Secure;Domain=svs-stock-api.scm.azurewebsites.net; ARRAffinitySameSite=93ba60693efd27c98d25ac695a6ef440c44ba4652104de2a3ed78f5e62ba7f13;Path=/;HttpOnly;SameSite=None;Secure;Domain=svs-stock-api.scm.azurewebsites.net" Transfer-Encoding="chunked" X-ARR-LOG-ID="6d9bb2d2-4779-49ad-a857-8e17d2825c30" CLIENT-IP="64.236.143.35:42000" X-SITE-DEPLOYMENT-ID="svs-stock-api" WAS-DEFAULT-HOSTNAME="svs-stock-api.scm.azurewebsites.net" X-Forwarded-Proto="https" X-AppService-Proto="https" X-Forwarded-TlsVersion="1.3" X-WAWS-Unencoded-URL="/api/publish?async=true&amp;deployer=GITHUB_ONE_DEPLOY&amp;type=zip&amp;message=%7B%22type%22%3A%22deployment%22%2C%22sha%22%3A%224c903457f65c0168aaaf2e2af0409be8ad4f8084%22%2C%22repoName%22%3A%22autthapolsaiyat%2FStock-Management-System%22%2C%22actor%22%3A%22autthapolsaiyat%22%2C%22slotName%22%3A%22production%22%2C%22commitMessage%22%3A%22fix%3A%20allow%20CONFIRMED%20quotations%20to%20create%20PO%22%7D" X-Client-IP="64.236.143.35" X-Client-Port="42000" >
  <step title="OneDeploy" date="2025-12-19T06:14:07.488" >
    <step title="Starting PushDeployAsync" date="2025-12-19T06:14:07.506" /><!-- duration: 19ms -->
    <step title="Removing node_modules symlink" date="2025-12-19T06:14:07.554" >
      <step title="Writing artifact to /tmp/zipdeploy/f83d72be-1ffe-427e-a9bb-65d123f235a9.zip" date="2025-12-19T06:14:07.674" >
        <step title="Writing multipart request body to /tmp/zipdeploy/f83d72be-1ffe-427e-a9bb-65d123f235a9.zip" date="2025-12-19T06:14:07.681" /><!-- duration: 16ms -->
      </step><!-- duration: 3946ms -->
      <step title="Start deployment in the background" date="2025-12-19T06:14:11.649" >
        <step title="Acquiring Deployment Lock" date="2025-12-19T06:14:11.697" /><!-- duration: 9ms -->
        <step title="Acquired Deployment Lock" date="2025-12-19T06:14:11.771" /><!-- duration: 5ms -->
      </step><!-- duration: 300ms -->
    </step><!-- duration: 4406ms -->
    <step title="Outgoing response" date="2025-12-19T06:14:11.967" type="response" statusCode="202" statusText="Accepted" /><!-- duration: 9ms -->
  </step><!-- duration: 4492ms -->
