<step title="Incoming Request" date="2025-12-19T05:34:04.078" instance="93ba60" url="/api/deployments/latest?deployer=OneDeploy&amp;time=2025-12-19_05-32-06Z" method="GET" type="request" pid="833,1,56" Host="svs-stock-api.scm.azurewebsites.net" User-Agent="GITHUBACTIONS_DeployWebAppToAzure_9c77270b4dc11c65de193eb13ad2e59e3b6f8f2f23b9c7b3dc72a9e29892decc" Authorization="Bea..." Content-Type="application/json; charset=utf-8" Cookie="ARRAffinity=93ba60693efd27c98d25ac695a6ef440c44ba4652104de2a3ed78f5e62ba7f13;Path=/;HttpOnly;Secure;Domain=svs-stock-api.scm.azurewebsites.net; ARRAffinitySameSite=93ba60693efd27c98d25ac695a6ef440c44ba4652104de2a3ed78f5e62ba7f13;Path=/;HttpOnly;SameSite=None;Secure;Domain=svs-stock-api.scm.azurewebsites.net" Content-Length="0" X-ARR-LOG-ID="8c6e8cd0-1a86-4a64-80bf-92831e6dfdc3" CLIENT-IP="172.215.218.19:14370" X-SITE-DEPLOYMENT-ID="svs-stock-api" WAS-DEFAULT-HOSTNAME="svs-stock-api.scm.azurewebsites.net" X-Forwarded-Proto="https" X-AppService-Proto="https" X-Forwarded-TlsVersion="1.3" X-WAWS-Unencoded-URL="/api/deployments/latest?deployer=OneDeploy&amp;time=2025-12-19_05-32-06Z" X-Client-IP="172.215.218.19" X-Client-Port="14370" >
  <step title="Cleanup Xml Logs" date="2025-12-19T05:34:04.107" >
    <step title="Cleanup Infos" date="2025-12-19T05:34:04.233" totalFiles="411" totalCleanup="251" /><!-- duration: 45ms -->
  </step><!-- duration: 184ms -->
  <step title="DeploymentService.GetResult" date="2025-12-19T05:34:04.370" >
    <step title="DeploymentService.GetLatestDeployment" date="2025-12-19T05:34:04.418" >
      <step title="DeploymentManager.GetResults" date="2025-12-19T05:34:04.452" /><!-- duration: 1661ms -->
    </step><!-- duration: 1739ms -->
  </step><!-- duration: 1822ms -->
  <step title="Outgoing response" date="2025-12-19T05:34:06.291" type="response" statusCode="202" statusText="Accepted" /><!-- duration: 55ms -->
</step><!-- duration: 2301ms -->
