<step title="Incoming Request" date="2025-12-19T04:38:47.869" instance="93ba60" url="/api/deployments/latest?deployer=OneDeploy&amp;time=2025-12-19_04-37-13Z" method="GET" type="request" pid="833,1,89" Host="svs-stock-api.scm.azurewebsites.net" User-Agent="GITHUBACTIONS_DeployWebAppToAzure_9c77270b4dc11c65de193eb13ad2e59e3b6f8f2f23b9c7b3dc72a9e29892decc" Authorization="Bea..." Content-Type="application/json; charset=utf-8" Cookie="ARRAffinity=93ba60693efd27c98d25ac695a6ef440c44ba4652104de2a3ed78f5e62ba7f13;Path=/;HttpOnly;Secure;Domain=svs-stock-api.scm.azurewebsites.net; ARRAffinitySameSite=93ba60693efd27c98d25ac695a6ef440c44ba4652104de2a3ed78f5e62ba7f13;Path=/;HttpOnly;SameSite=None;Secure;Domain=svs-stock-api.scm.azurewebsites.net" Content-Length="0" X-ARR-LOG-ID="b5e91710-3cb5-4451-b7a3-e8cd2229a019" CLIENT-IP="172.214.45.193:24576" X-SITE-DEPLOYMENT-ID="svs-stock-api" WAS-DEFAULT-HOSTNAME="svs-stock-api.scm.azurewebsites.net" X-Forwarded-Proto="https" X-AppService-Proto="https" X-Forwarded-TlsVersion="1.3" X-WAWS-Unencoded-URL="/api/deployments/latest?deployer=OneDeploy&amp;time=2025-12-19_04-37-13Z" X-Client-IP="172.214.45.193" X-Client-Port="24576" >
  <step title="Cleanup Xml Logs" date="2025-12-19T04:38:47.889" >
    <step title="Cleanup Infos" date="2025-12-19T04:38:47.938" totalFiles="391" totalCleanup="231" /><!-- duration: 21ms -->
  </step><!-- duration: 86ms -->
  <step title="DeploymentService.GetResult" date="2025-12-19T04:38:48.009" >
    <step title="DeploymentService.GetLatestDeployment" date="2025-12-19T04:38:48.017" >
      <step title="DeploymentManager.GetResults" date="2025-12-19T04:38:48.026" /><!-- duration: 954ms -->
    </step><!-- duration: 980ms -->
  </step><!-- duration: 998ms -->
  <step title="Outgoing response" date="2025-12-19T04:38:49.015" type="response" statusCode="202" statusText="Accepted" /><!-- duration: 11ms -->
</step><!-- duration: 1164ms -->
