﻿<?xml version="1.0" encoding="utf-8"?>
<deployment>
  <id>c3a8d89a-697f-4a2b-9215-0d6fd9985d74</id>
  <author>N/A</author>
  <deployer>OneDeploy</deployer>
  <authorEmail>N/A</authorEmail>
  <message>OneDeploy</message>
  <progress></progress>
  <status>Success</status>
  <statusText></statusText>
  <lastSuccessEndTime>2025-12-23T13:27:58.8526585Z</lastSuccessEndTime>
  <receivedTime>2025-12-23T13:26:35.6910222Z</receivedTime>
  <startTime>2025-12-23T13:26:37.153954Z</startTime>
  <endTime>2025-12-23T13:27:58.8526585Z</endTime>
  <complete>True</complete>
  <is_temp>False</is_temp>
  <is_readonly>True</is_readonly>
  <buildSummary />
</deployment>