﻿<?xml version="1.0" encoding="utf-8"?>
<deployment>
  <id>7be59528-8360-4802-8ad9-cbced5f268f7</id>
  <author>N/A</author>
  <deployer>OneDeploy</deployer>
  <authorEmail>N/A</authorEmail>
  <message>OneDeploy</message>
  <progress></progress>
  <status>Success</status>
  <statusText></statusText>
  <lastSuccessEndTime>2025-12-25T00:39:48.1464549Z</lastSuccessEndTime>
  <receivedTime>2025-12-25T00:38:29.3443661Z</receivedTime>
  <startTime>2025-12-25T00:38:30.8076744Z</startTime>
  <endTime>2025-12-25T00:39:48.1464549Z</endTime>
  <complete>True</complete>
  <is_temp>False</is_temp>
  <is_readonly>True</is_readonly>
  <buildSummary />
</deployment>