﻿<?xml version="1.0" encoding="utf-8"?>
<deployment>
  <id>774a0ae7-2756-49f2-b99b-fed5eb8e66b1</id>
  <author>N/A</author>
  <deployer>OneDeploy</deployer>
  <authorEmail>N/A</authorEmail>
  <message>OneDeploy</message>
  <progress></progress>
  <status>Success</status>
  <statusText></statusText>
  <lastSuccessEndTime>2025-12-25T01:44:31.3415893Z</lastSuccessEndTime>
  <receivedTime>2025-12-25T01:43:20.5649435Z</receivedTime>
  <startTime>2025-12-25T01:43:22.033869Z</startTime>
  <endTime>2025-12-25T01:44:31.3415893Z</endTime>
  <complete>True</complete>
  <is_temp>False</is_temp>
  <is_readonly>True</is_readonly>
  <buildSummary />
</deployment>