﻿<?xml version="1.0" encoding="utf-8"?>
<deployment>
  <id>a2f4743a-f1d7-46f8-8b28-8e98a1dfb03f</id>
  <author>N/A</author>
  <deployer>OneDeploy</deployer>
  <authorEmail>N/A</authorEmail>
  <message>OneDeploy</message>
  <progress></progress>
  <status>Success</status>
  <statusText></statusText>
  <lastSuccessEndTime>2025-12-24T07:05:07.6269823Z</lastSuccessEndTime>
  <receivedTime>2025-12-24T07:03:47.9052835Z</receivedTime>
  <startTime>2025-12-24T07:03:49.717495Z</startTime>
  <endTime>2025-12-24T07:05:07.6269823Z</endTime>
  <complete>True</complete>
  <is_temp>False</is_temp>
  <is_readonly>True</is_readonly>
  <buildSummary />
</deployment>