﻿<?xml version="1.0" encoding="utf-8"?>
<deployment>
  <id>88e3f733-1df4-4f1b-b3b5-b05c25105ba8</id>
  <author>N/A</author>
  <deployer>OneDeploy</deployer>
  <authorEmail>N/A</authorEmail>
  <message>OneDeploy</message>
  <progress></progress>
  <status>Success</status>
  <statusText></statusText>
  <lastSuccessEndTime>2025-12-23T15:57:37.5419292Z</lastSuccessEndTime>
  <receivedTime>2025-12-23T15:56:21.9549227Z</receivedTime>
  <startTime>2025-12-23T15:56:23.4550926Z</startTime>
  <endTime>2025-12-23T15:57:37.5419292Z</endTime>
  <complete>True</complete>
  <is_temp>False</is_temp>
  <is_readonly>True</is_readonly>
  <buildSummary />
</deployment>