﻿<?xml version="1.0" encoding="utf-8"?>
<deployment>
  <id>dd0b9077-7d9f-4a59-9175-33241813118e</id>
  <author>N/A</author>
  <deployer>OneDeploy</deployer>
  <authorEmail>N/A</authorEmail>
  <message>OneDeploy</message>
  <progress></progress>
  <status>Success</status>
  <statusText></statusText>
  <lastSuccessEndTime>2025-12-23T00:56:11.8884654Z</lastSuccessEndTime>
  <receivedTime>2025-12-23T00:54:18.416395Z</receivedTime>
  <startTime>2025-12-23T00:54:20.2079216Z</startTime>
  <endTime>2025-12-23T00:56:11.8884654Z</endTime>
  <complete>True</complete>
  <is_temp>False</is_temp>
  <is_readonly>True</is_readonly>
  <buildSummary />
</deployment>