﻿<?xml version="1.0" encoding="utf-8"?>
<deployment>
  <id>2d7fe7eb-e6fe-4ebe-b2a6-787061778a0a</id>
  <author>N/A</author>
  <deployer>OneDeploy</deployer>
  <authorEmail>N/A</authorEmail>
  <message>OneDeploy</message>
  <progress></progress>
  <status>Success</status>
  <statusText></statusText>
  <lastSuccessEndTime>2025-12-23T07:20:35.9198347Z</lastSuccessEndTime>
  <receivedTime>2025-12-23T07:19:31.493698Z</receivedTime>
  <startTime>2025-12-23T07:19:33.1657636Z</startTime>
  <endTime>2025-12-23T07:20:35.9198347Z</endTime>
  <complete>True</complete>
  <is_temp>False</is_temp>
  <is_readonly>True</is_readonly>
  <buildSummary />
</deployment>