﻿<?xml version="1.0" encoding="utf-8"?>
<deployment>
  <id>8d99364e-ab0c-4b05-b8bc-0340589fc812</id>
  <author>N/A</author>
  <deployer>OneDeploy</deployer>
  <authorEmail>N/A</authorEmail>
  <message>OneDeploy</message>
  <progress></progress>
  <status>Success</status>
  <statusText></statusText>
  <lastSuccessEndTime>2025-12-24T08:04:45.7141542Z</lastSuccessEndTime>
  <receivedTime>2025-12-24T08:03:30.4049708Z</receivedTime>
  <startTime>2025-12-24T08:03:32.0985335Z</startTime>
  <endTime>2025-12-24T08:04:45.7141542Z</endTime>
  <complete>True</complete>
  <is_temp>False</is_temp>
  <is_readonly>True</is_readonly>
  <buildSummary />
</deployment>