﻿<?xml version="1.0" encoding="utf-8"?>
<deployment>
  <id>3fab82a1-31cb-4aa6-92cf-2594bce7a382</id>
  <author>N/A</author>
  <deployer>OneDeploy</deployer>
  <authorEmail>N/A</authorEmail>
  <message>OneDeploy</message>
  <progress></progress>
  <status>Success</status>
  <statusText></statusText>
  <lastSuccessEndTime>2025-12-22T12:19:05.2563555Z</lastSuccessEndTime>
  <receivedTime>2025-12-22T12:17:57.885871Z</receivedTime>
  <startTime>2025-12-22T12:17:59.4077923Z</startTime>
  <endTime>2025-12-22T12:19:05.2563555Z</endTime>
  <complete>True</complete>
  <is_temp>False</is_temp>
  <is_readonly>True</is_readonly>
  <buildSummary />
</deployment>