﻿<?xml version="1.0" encoding="utf-8"?>
<deployment>
  <id>21bd67d0-a935-406d-8bce-2cd349ea8216</id>
  <author>N/A</author>
  <deployer>OneDeploy</deployer>
  <authorEmail>N/A</authorEmail>
  <message>OneDeploy</message>
  <progress></progress>
  <status>Success</status>
  <statusText></statusText>
  <lastSuccessEndTime>2025-12-23T11:11:24.4705379Z</lastSuccessEndTime>
  <receivedTime>2025-12-23T11:10:17.833029Z</receivedTime>
  <startTime>2025-12-23T11:10:19.3200123Z</startTime>
  <endTime>2025-12-23T11:11:24.4705379Z</endTime>
  <complete>True</complete>
  <is_temp>False</is_temp>
  <is_readonly>True</is_readonly>
  <buildSummary />
</deployment>