﻿<?xml version="1.0" encoding="utf-8"?>
<deployment>
  <id>7132a399-c395-4371-8f67-e72534439479</id>
  <author>N/A</author>
  <deployer>OneDeploy</deployer>
  <authorEmail>N/A</authorEmail>
  <message>OneDeploy</message>
  <progress></progress>
  <status>Success</status>
  <statusText></statusText>
  <lastSuccessEndTime>2025-12-24T07:39:13.0636226Z</lastSuccessEndTime>
  <receivedTime>2025-12-24T07:38:10.7675559Z</receivedTime>
  <startTime>2025-12-24T07:38:12.2309277Z</startTime>
  <endTime>2025-12-24T07:39:13.0636226Z</endTime>
  <complete>True</complete>
  <is_temp>False</is_temp>
  <is_readonly>True</is_readonly>
  <buildSummary />
</deployment>