﻿<?xml version="1.0" encoding="utf-8"?>
<deployment>
  <id>32778578-2817-4acd-a007-4023c4cc5800</id>
  <author>N/A</author>
  <deployer>OneDeploy</deployer>
  <authorEmail>N/A</authorEmail>
  <message>OneDeploy</message>
  <progress></progress>
  <status>Success</status>
  <statusText></statusText>
  <lastSuccessEndTime>2025-12-23T16:49:20.3080026Z</lastSuccessEndTime>
  <receivedTime>2025-12-23T16:48:21.8609764Z</receivedTime>
  <startTime>2025-12-23T16:48:24.1369922Z</startTime>
  <endTime>2025-12-23T16:49:20.3080026Z</endTime>
  <complete>True</complete>
  <is_temp>False</is_temp>
  <is_readonly>True</is_readonly>
  <buildSummary />
</deployment>