﻿<?xml version="1.0" encoding="utf-8"?>
<deployment>
  <id>942ae4a7-445f-4ae7-a442-e17831e6d321</id>
  <author>N/A</author>
  <deployer>OneDeploy</deployer>
  <authorEmail>N/A</authorEmail>
  <message>OneDeploy</message>
  <progress></progress>
  <status>Success</status>
  <statusText></statusText>
  <lastSuccessEndTime>2025-12-23T08:08:08.513821Z</lastSuccessEndTime>
  <receivedTime>2025-12-23T08:06:43.1221627Z</receivedTime>
  <startTime>2025-12-23T08:06:44.5634446Z</startTime>
  <endTime>2025-12-23T08:08:08.513821Z</endTime>
  <complete>True</complete>
  <is_temp>False</is_temp>
  <is_readonly>True</is_readonly>
  <buildSummary />
</deployment>