﻿<?xml version="1.0" encoding="utf-8"?>
<deployment>
  <id>abd99594-bdcb-4eff-8386-87f50d7e417c</id>
  <author>N/A</author>
  <deployer>OneDeploy</deployer>
  <authorEmail>N/A</authorEmail>
  <message>OneDeploy</message>
  <progress></progress>
  <status>Success</status>
  <statusText></statusText>
  <lastSuccessEndTime>2025-12-23T10:31:52.5473502Z</lastSuccessEndTime>
  <receivedTime>2025-12-23T10:30:47.9745701Z</receivedTime>
  <startTime>2025-12-23T10:30:49.5306156Z</startTime>
  <endTime>2025-12-23T10:31:52.5473502Z</endTime>
  <complete>True</complete>
  <is_temp>False</is_temp>
  <is_readonly>True</is_readonly>
  <buildSummary />
</deployment>