<step title="Incoming Request" date="2025-12-18T21:47:26.900" instance="93ba60" url="/api/deployments/latest?deployer=OneDeploy&amp;time=2025-12-18_21-45-49Z" method="GET" type="request" pid="833,1,72" Host="svs-stock-api.scm.azurewebsites.net" User-Agent="GITHUBACTIONS_DeployWebAppToAzure_9c77270b4dc11c65de193eb13ad2e59e3b6f8f2f23b9c7b3dc72a9e29892decc" Authorization="Bea..." Content-Type="application/json; charset=utf-8" Cookie="ARRAffinity=93ba60693efd27c98d25ac695a6ef440c44ba4652104de2a3ed78f5e62ba7f13;Path=/;HttpOnly;Secure;Domain=svs-stock-api.scm.azurewebsites.net; ARRAffinitySameSite=93ba60693efd27c98d25ac695a6ef440c44ba4652104de2a3ed78f5e62ba7f13;Path=/;HttpOnly;SameSite=None;Secure;Domain=svs-stock-api.scm.azurewebsites.net" Content-Length="0" X-ARR-LOG-ID="8b3baaa8-0e0b-4ae5-b1f6-5478bd8b9cf0" CLIENT-IP="52.173.178.218:1025" X-SITE-DEPLOYMENT-ID="svs-stock-api" WAS-DEFAULT-HOSTNAME="svs-stock-api.scm.azurewebsites.net" X-Forwarded-Proto="https" X-AppService-Proto="https" X-Forwarded-TlsVersion="1.3" X-WAWS-Unencoded-URL="/api/deployments/latest?deployer=OneDeploy&amp;time=2025-12-18_21-45-49Z" X-Client-IP="52.173.178.218" X-Client-Port="1025" >
  <step title="Cleanup Xml Logs" date="2025-12-18T21:47:26.928" >
    <step title="Cleanup Infos" date="2025-12-18T21:47:27.177" totalFiles="354" totalCleanup="194" /><!-- duration: 75ms -->
  </step><!-- duration: 392ms -->
  <step title="DeploymentService.GetResult" date="2025-12-18T21:47:27.557" >
    <step title="DeploymentService.GetLatestDeployment" date="2025-12-18T21:47:27.614" >
      <step title="DeploymentManager.GetResults" date="2025-12-18T21:47:27.659" /><!-- duration: 2860ms -->
    </step><!-- duration: 3090ms -->
  </step><!-- duration: 3200ms -->
  <step title="Outgoing response" date="2025-12-18T21:47:30.796" type="response" statusCode="202" statusText="Accepted" /><!-- duration: 67ms -->
</step><!-- duration: 4030ms -->
