<step title="BackgroundTrace" date="2025-12-19T06:14:11.654" instance="93ba60" url="/api/publish" method="POST" >
  <step title="Cleanup Xml Logs" date="2025-12-19T06:14:11.660" >
    <step title="Cleanup Infos" date="2025-12-19T06:14:11.677" totalFiles="435" totalCleanup="275" /><!-- duration: 6ms -->
  </step><!-- duration: 28ms -->
  <step title="Creating temporary deployment - FetchDeploymentManager" date="2025-12-19T06:14:11.782" /><!-- duration: 4ms -->
  <step title="Creating temporary deployment" date="2025-12-19T06:14:11.792" /><!-- duration: 151ms -->
  <step title="Performing fetch based deployment" date="2025-12-19T06:14:11.992" >
    <step title="Cleaning up temp folders from previous zip deployments and extracting pushed zip file /tmp/zipdeploy/f83d72be-1ffe-427e-a9bb-65d123f235a9.zip (48.13 MB) to /tmp/zipdeploy/extracted" date="2025-12-19T06:14:13.216" >
      <step title="ChmodRecursive Process exited with total time taken in ms: 317" date="2025-12-19T06:14:52.792" /><!-- duration: 12ms -->
    </step><!-- duration: 39607ms -->
    <step title="Deployment timer started" date="2025-12-19T06:14:54.865" >
      <step title="DeploymentManager.Deploy(id:6b1e2c53-c55a-4752-bf6a-438e6046ab2c)" date="2025-12-19T06:14:54.878" >
        <step title="Collecting changeset information" date="2025-12-19T06:14:54.930" /><!-- duration: 111ms -->
        <step title="Updating submodules" date="2025-12-19T06:14:55.050" /><!-- duration: 1132ms -->
        <step title="Determining deployment builder" date="2025-12-19T06:14:56.477" >
          <step title="Builder is OneDeployBuilder" date="2025-12-19T06:14:56.509" /><!-- duration: 8ms -->
        </step><!-- duration: 46ms -->
        <step title="PreDeployment: context.CleanOutputPath False" date="2025-12-19T06:14:56.593" >
          <step title="PreDeployment: context.OutputPath /home/site/wwwroot" date="2025-12-19T06:14:56.759" >
            <step title="Building" date="2025-12-19T06:14:56.952" >
              <step title="Executing external process" date="2025-12-19T06:14:57.759" type="process" path="starter.sh" arguments="/opt/Kudu/Scripts/absoluteTar.sh /tmp/zipdeploy/extracted/node_modules /tmp/zipdeploy/extracted/node_modules.tar.gz" /><!-- duration: 45122ms -->
              <step title="Executing external process" date="2025-12-19T06:15:43.268" type="process" path="starter.sh" arguments="/opt/Kudu/Scripts/parallel_rsync.sh /tmp/zipdeploy/extracted /home/site/wwwroot 8 /tmp/ False False node_modules " /><!-- duration: 9941ms -->
              <step title="Modified file to trigger a restart of the app container." date="2025-12-19T06:15:54.297" /><!-- duration: 11ms -->
              <step title="Skip function trigger and logicapp sync because function is not enabled." date="2025-12-19T06:15:54.313" /><!-- duration: 14ms -->
              <step title="Purge deployment items" date="2025-12-19T06:15:55.781" >
                <step title="Remove 30019350-, Success, received at 12/17/2025 09:44:36" date="2025-12-19T06:15:55.902" /><!-- duration: 6ms -->
              </step><!-- duration: 132ms -->
            </step><!-- duration: 59058ms -->
          </step><!-- duration: 59280ms -->
          <step title="Cleaning up temp files" date="2025-12-19T06:15:56.047" /><!-- duration: 41ms -->
          <step title="Cleaning up temp files" date="2025-12-19T06:15:56.128" /><!-- duration: 561ms -->
          <step title="Reloading status file with latest updates" date="2025-12-19T06:15:57.660" >
            <step title="WebHooksManager.PublishEventAsync: PostDeployment" date="2025-12-19T06:15:57.777" /><!-- duration: 268ms -->
          </step><!-- duration: 414ms -->
          <step title="Cleaning up temporary deployment - fetch deployment was successful" date="2025-12-19T06:15:58.160" /><!-- duration: 13ms -->
        </step><!-- duration: 61811ms -->
      </step><!-- duration: 63595ms -->
