<step title="Incoming Request" date="2025-12-19T05:47:11.598" instance="93ba60" url="/api/deployments/latest?deployer=OneDeploy&amp;time=2025-12-19_05-46-25Z" method="GET" type="request" pid="833,1,66" Host="svs-stock-api.scm.azurewebsites.net" User-Agent="GITHUBACTIONS_DeployWebAppToAzure_9c77270b4dc11c65de193eb13ad2e59e3b6f8f2f23b9c7b3dc72a9e29892decc" Authorization="Bea..." Content-Type="application/json; charset=utf-8" Cookie="ARRAffinity=93ba60693efd27c98d25ac695a6ef440c44ba4652104de2a3ed78f5e62ba7f13;Path=/;HttpOnly;Secure;Domain=svs-stock-api.scm.azurewebsites.net; ARRAffinitySameSite=93ba60693efd27c98d25ac695a6ef440c44ba4652104de2a3ed78f5e62ba7f13;Path=/;HttpOnly;SameSite=None;Secure;Domain=svs-stock-api.scm.azurewebsites.net" Content-Length="0" X-ARR-LOG-ID="196e582b-8f7c-4294-a3bc-d966dd75a057" CLIENT-IP="128.24.163.33:12301" X-SITE-DEPLOYMENT-ID="svs-stock-api" WAS-DEFAULT-HOSTNAME="svs-stock-api.scm.azurewebsites.net" X-Forwarded-Proto="https" X-AppService-Proto="https" X-Forwarded-TlsVersion="1.3" X-WAWS-Unencoded-URL="/api/deployments/latest?deployer=OneDeploy&amp;time=2025-12-19_05-46-25Z" X-Client-IP="128.24.163.33" X-Client-Port="12301" >
  <step title="Cleanup Xml Logs" date="2025-12-19T05:47:11.607" >
    <step title="Cleanup Infos" date="2025-12-19T05:47:11.648" totalFiles="422" totalCleanup="262" /><!-- duration: 17ms -->
  </step><!-- duration: 76ms -->
  <step title="DeploymentService.GetResult" date="2025-12-19T05:47:11.715" >
    <step title="DeploymentService.GetLatestDeployment" date="2025-12-19T05:47:11.736" >
      <step title="DeploymentManager.GetResults" date="2025-12-19T05:47:11.743" /><!-- duration: 1432ms -->
    </step><!-- duration: 1460ms -->
  </step><!-- duration: 1507ms -->
  <step title="Outgoing response" date="2025-12-19T05:47:13.246" type="response" statusCode="202" statusText="Accepted" /><!-- duration: 10ms -->
</step><!-- duration: 1763ms -->
