<step title="Incoming Request" date="2025-12-16T05:11:11.957" instance="4b281b" url="/api/publish?async=true&amp;deployer=GITHUB_ONE_DEPLOY&amp;type=zip&amp;message=%7B%22type%22%3A%22deployment%22%2C%22sha%22%3A%2266cfbf4f740d5e86e4d1085cb7a9925d9ce7748c%22%2C%22repoName%22%3A%22autthapolsaiyat%2FStock-Management-System%22%2C%22actor%22%3A%22autthapolsaiyat%22%2C%22slotName%22%3A%22production%22%2C%22commitMessage%22%3A%22feat%3A%20add%20professional%20quotation%20print%20preview%5Cn%5Cn-%20New%20QuotationPrintPreview%20component%20matching%20PDF%20template%5Cn-%20Company%20info%20header%20(Thai%2FEnglish)%5Cn-%20Customer%20%26%20document%20info%20section%5Cn-%20Items%20table%20with%20proper%20formatting%5Cn-%20Summary%20with%20Thai%20baht%20text%5Cn-%20Signature%20sections%5Cn-%20Fix%20api.ts%20with%20all%20missing%20methods%22%7D" method="POST" type="request" pid="831,1,25" Host="svs-stock-api.scm.azurewebsites.net" User-Agent="GITHUBACTIONS_DeployWebAppToAzure_9c77270b4dc11c65de193eb13ad2e59e3b6f8f2f23b9c7b3dc72a9e29892decc" Authorization="Bea..." Content-Type="application/octet-stream" Cookie="ARRAffinity=4b281b4a9d9abb39450d23d8928bbaecc835ef9d48685f67465bb26c36f1b731;Path=/;HttpOnly;Secure;Domain=svs-stock-api.scm.azurewebsites.net; ARRAffinitySameSite=4b281b4a9d9abb39450d23d8928bbaecc835ef9d48685f67465bb26c36f1b731;Path=/;HttpOnly;SameSite=None;Secure;Domain=svs-stock-api.scm.azurewebsites.net" Transfer-Encoding="chunked" X-ARR-LOG-ID="154345a3-a2a9-49f4-8bac-5bc8de1fea0b" CLIENT-IP="135.232.208.132:49176" X-SITE-DEPLOYMENT-ID="svs-stock-api" WAS-DEFAULT-HOSTNAME="svs-stock-api.scm.azurewebsites.net" X-Forwarded-Proto="https" X-AppService-Proto="https" X-Forwarded-TlsVersion="1.3" X-WAWS-Unencoded-URL="/api/publish?async=true&amp;deployer=GITHUB_ONE_DEPLOY&amp;type=zip&amp;message=%7B%22type%22%3A%22deployment%22%2C%22sha%22%3A%2266cfbf4f740d5e86e4d1085cb7a9925d9ce7748c%22%2C%22repoName%22%3A%22autthapolsaiyat%2FStock-Management-System%22%2C%22actor%22%3A%22autthapolsaiyat%22%2C%22slotName%22%3A%22production%22%2C%22commitMessage%22%3A%22feat%3A%20add%20professional%20quotation%20print%20preview%5Cn%5Cn-%20New%20QuotationPrintPreview%20component%20matching%20PDF%20template%5Cn-%20Company%20info%20header%20(Thai%2FEnglish)%5Cn-%20Customer%20%26%20document%20info%20section%5Cn-%20Items%20table%20with%20proper%20formatting%5Cn-%20Summary%20with%20Thai%20baht%20text%5Cn-%20Signature%20sections%5Cn-%20Fix%20api.ts%20with%20all%20missing%20methods%22%7D" X-Client-IP="135.232.208.132" X-Client-Port="49176" >
  <step title="OneDeploy" date="2025-12-16T05:11:12.006" >
    <step title="Starting PushDeployAsync" date="2025-12-16T05:11:12.031" /><!-- duration: 6ms -->
    <step title="Removing node_modules symlink" date="2025-12-16T05:11:12.058" >
      <step title="Writing artifact to /tmp/zipdeploy/ca196c12-0fa4-4bcd-90d9-ae568fc2cb18.zip" date="2025-12-16T05:11:12.167" >
        <step title="Writing multipart request body to /tmp/zipdeploy/ca196c12-0fa4-4bcd-90d9-ae568fc2cb18.zip" date="2025-12-16T05:11:12.176" /><!-- duration: 8ms -->
      </step><!-- duration: 3891ms -->
      <step title="Start deployment in the background" date="2025-12-16T05:11:16.083" >
        <step title="Acquiring Deployment Lock" date="2025-12-16T05:11:16.127" /><!-- duration: 5ms -->
        <step title="Acquired Deployment Lock" date="2025-12-16T05:11:16.186" /><!-- duration: 7ms -->
      </step><!-- duration: 249ms -->
    </step><!-- duration: 4313ms -->
    <step title="Outgoing response" date="2025-12-16T05:11:16.382" type="response" statusCode="202" statusText="Accepted" /><!-- duration: 6ms -->
  </step><!-- duration: 4387ms -->
