<step title="Incoming Request" date="2025-12-15T22:54:37.956" instance="4b281b" url="/api/publish?type=zip" method="POST" type="request" pid="831,1,90" Accept="*/*" Host="svs-stock-api.scm.azurewebsites.net" User-Agent="AZURECLI/2.78.0 (HOMEBREW)" Accept-Encoding="gzip, deflate" Authorization="Bea..." Cache-Control="no-cache" Content-Type="application/octet-stream" Cookie="ARRAffinity=4b281b4a9d9abb39450d23d8928bbaecc835ef9d48685f67465bb26c36f1b731; ARRAffinitySameSite=4b281b4a9d9abb39450d23d8928bbaecc835ef9d48685f67465bb26c36f1b731" Content-Length="50463551" x-ms-client-request-id="019456fc-da09-11f0-9426-c6eea053c943" x-ms-artifact-checksum="cdb4450e5977ee50e8f9a5838eba6c7cf04452ff3eec7d908946b92474d8da99" X-ARR-LOG-ID="019456fc-da09-11f0-9426-c6eea053c943" CLIENT-IP="184.22.101.158:63239" X-SITE-DEPLOYMENT-ID="svs-stock-api" WAS-DEFAULT-HOSTNAME="svs-stock-api.scm.azurewebsites.net" X-Forwarded-Proto="https" X-AppService-Proto="https" X-Forwarded-TlsVersion="1.3" X-WAWS-Unencoded-URL="/api/publish?type=zip" X-Client-IP="184.22.101.158" X-Client-Port="63239" >
  <step title="OneDeploy" date="2025-12-15T22:54:38.046" >
    <step title="Starting PushDeployAsync" date="2025-12-15T22:54:38.100" /><!-- duration: 56ms -->
    <step title="Removing node_modules symlink" date="2025-12-15T22:54:38.201" >
      <step title="Writing artifact to /tmp/zipdeploy/91d56214-c9e7-4e44-bd00-287df2f8ca17.zip" date="2025-12-15T22:54:38.263" >
        <step title="Writing multipart request body to /tmp/zipdeploy/91d56214-c9e7-4e44-bd00-287df2f8ca17.zip" date="2025-12-15T22:54:38.269" /><!-- duration: 11ms -->
      </step><!-- duration: 3615ms -->
      <step title="Attempting to fetch target branch HEAD" date="2025-12-15T22:54:41.921" /><!-- duration: 7ms -->
      <step title="Acquiring Deployment Lock" date="2025-12-15T22:54:41.935" /><!-- duration: 6ms -->
      <step title="Acquired Deployment Lock" date="2025-12-15T22:54:41.979" /><!-- duration: 7ms -->
      <step title="Performing fetch based deployment" date="2025-12-15T22:54:42.003" >
        <step title="Creating temporary deployment" date="2025-12-15T22:54:42.008" /><!-- duration: 107ms -->
        <step title="Releasing Deployment Lock" date="2025-12-15T22:54:43.293" /><!-- duration: 15ms -->
        <step title="Cleaning up temp folders from previous zip deployments and extracting pushed zip file /tmp/zipdeploy/91d56214-c9e7-4e44-bd00-287df2f8ca17.zip (48.13 MB) to /tmp/zipdeploy/extracted" date="2025-12-15T22:54:43.353" >
          <step title="ChmodRecursive Process exited with total time taken in ms: 992" date="2025-12-15T22:55:09.437" /><!-- duration: 14ms -->
        </step><!-- duration: 26104ms -->
        <step title="None repository commit" date="2025-12-15T22:55:09.478" >
          <step title="Commit id: 0b147550-5771-48f2-a490-7ef3d9ff0f50" date="2025-12-15T22:55:09.483" Message="OneDeploy" AuthorName="N/A" AuthorEmail="N/A" /><!-- duration: 5ms -->
        </step><!-- duration: 15ms -->
        <step title="Deployment timer started" date="2025-12-15T22:55:11.501" >
          <step title="DeploymentManager.Deploy(id:0b147550-5771-48f2-a490-7ef3d9ff0f50)" date="2025-12-15T22:55:11.509" >
            <step title="Collecting changeset information" date="2025-12-15T22:55:11.542" /><!-- duration: 105ms -->
            <step title="Updating submodules" date="2025-12-15T22:55:11.655" /><!-- duration: 1185ms -->
            <step title="Determining deployment builder" date="2025-12-15T22:55:13.085" >
              <step title="Builder is OneDeployBuilder" date="2025-12-15T22:55:13.102" /><!-- duration: 7ms -->
            </step><!-- duration: 29ms -->
            <step title="PreDeployment: context.CleanOutputPath False" date="2025-12-15T22:55:13.177" >
              <step title="PreDeployment: context.OutputPath /home/site/wwwroot" date="2025-12-15T22:55:13.353" >
                <step title="Building" date="2025-12-15T22:55:13.515" >
                  <step title="Executing external process" date="2025-12-15T22:55:14.411" type="process" path="starter.sh" arguments="/opt/Kudu/Scripts/absoluteTar.sh /tmp/zipdeploy/extracted/node_modules /tmp/zipdeploy/extracted/node_modules.tar.gz" /><!-- duration: 33036ms -->
                  <step title="Executing external process" date="2025-12-15T22:55:47.839" type="process" path="starter.sh" arguments="/opt/Kudu/Scripts/parallel_rsync.sh /tmp/zipdeploy/extracted /home/site/wwwroot 8 /tmp/ False False node_modules " /><!-- duration: 14112ms -->
                  <step title="Modified file to trigger a restart of the app container." date="2025-12-15T22:56:04.008" /><!-- duration: 18ms -->
                  <step title="Skip function trigger and logicapp sync because function is not enabled." date="2025-12-15T22:56:04.059" /><!-- duration: 11ms -->
                  <step title="Purge deployment items" date="2025-12-15T22:56:05.606" >
                    <step title="Remove 92320931-, Success, received at 12/15/2025 10:38:33" date="2025-12-15T22:56:05.812" /><!-- duration: 22ms -->
                  </step><!-- duration: 257ms -->
                </step><!-- duration: 52516ms -->
              </step><!-- duration: 52705ms -->
              <step title="Cleaning up temp files" date="2025-12-15T22:56:06.069" /><!-- duration: 50ms -->
              <step title="Cleaning up temp files" date="2025-12-15T22:56:06.141" /><!-- duration: 627ms -->
              <step title="Reloading status file with latest updates" date="2025-12-15T22:56:06.976" >
                <step title="WebHooksManager.PublishEventAsync: PostDeployment" date="2025-12-15T22:56:07.027" /><!-- duration: 119ms -->
              </step><!-- duration: 202ms -->
              <step title="Cleaning up temporary deployment - fetch deployment was successful" date="2025-12-15T22:56:07.207" /><!-- duration: 17ms -->
            </step><!-- duration: 54202ms -->
          </step><!-- duration: 55926ms -->
          <step title="Outgoing response" date="2025-12-15T22:56:07.525" type="response" statusCode="200" statusText="OK" /><!-- duration: 12ms -->
        </step><!-- duration: 56056ms -->
