<step title="Incoming Request" date="2025-12-19T05:48:25.153" instance="93ba60" url="/api/deployments/latest?deployer=OneDeploy&amp;time=2025-12-19_05-46-25Z" method="GET" type="request" pid="833,1,69" Host="svs-stock-api.scm.azurewebsites.net" User-Agent="GITHUBACTIONS_DeployWebAppToAzure_9c77270b4dc11c65de193eb13ad2e59e3b6f8f2f23b9c7b3dc72a9e29892decc" Authorization="Bea..." Content-Type="application/json; charset=utf-8" Cookie="ARRAffinity=93ba60693efd27c98d25ac695a6ef440c44ba4652104de2a3ed78f5e62ba7f13;Path=/;HttpOnly;Secure;Domain=svs-stock-api.scm.azurewebsites.net; ARRAffinitySameSite=93ba60693efd27c98d25ac695a6ef440c44ba4652104de2a3ed78f5e62ba7f13;Path=/;HttpOnly;SameSite=None;Secure;Domain=svs-stock-api.scm.azurewebsites.net" Content-Length="0" X-ARR-LOG-ID="8a62060f-47f0-42bb-9260-3273f1a22b5a" CLIENT-IP="128.24.163.33:12310" X-SITE-DEPLOYMENT-ID="svs-stock-api" WAS-DEFAULT-HOSTNAME="svs-stock-api.scm.azurewebsites.net" X-Forwarded-Proto="https" X-AppService-Proto="https" X-Forwarded-TlsVersion="1.3" X-WAWS-Unencoded-URL="/api/deployments/latest?deployer=OneDeploy&amp;time=2025-12-19_05-46-25Z" X-Client-IP="128.24.163.33" X-Client-Port="12310" >
  <step title="Cleanup Xml Logs" date="2025-12-19T05:48:25.157" >
    <step title="Cleanup Infos" date="2025-12-19T05:48:25.189" totalFiles="431" totalCleanup="271" /><!-- duration: 20ms -->
  </step><!-- duration: 71ms -->
  <step title="DeploymentService.GetResult" date="2025-12-19T05:48:25.250" >
    <step title="DeploymentService.GetLatestDeployment" date="2025-12-19T05:48:25.262" >
      <step title="DeploymentManager.GetResults" date="2025-12-19T05:48:25.276" /><!-- duration: 1149ms -->
    </step><!-- duration: 1190ms -->
  </step><!-- duration: 1221ms -->
  <step title="Outgoing response" date="2025-12-19T05:48:26.497" type="response" statusCode="202" statusText="Accepted" /><!-- duration: 14ms -->
</step><!-- duration: 1365ms -->
