<step title="Incoming Request" date="2025-12-15T21:52:04.250" instance="4b281b" url="/api/publish?async=true&amp;deployer=GITHUB_ONE_DEPLOY&amp;type=zip&amp;message=%7B%22type%22%3A%22deployment%22%2C%22sha%22%3A%229d6381a698044b452769a434775e49527e93e267%22%2C%22repoName%22%3A%22autthapolsaiyat%2FStock-Management-System%22%2C%22actor%22%3A%22autthapolsaiyat%22%2C%22slotName%22%3A%22production%22%2C%22commitMessage%22%3A%22fix%3A%20TempProductModal%20UI%20improvements%20-%20better%20info%20banner%20styling%22%7D" method="POST" type="request" pid="831,1,22" Host="svs-stock-api.scm.azurewebsites.net" User-Agent="GITHUBACTIONS_DeployWebAppToAzure_9c77270b4dc11c65de193eb13ad2e59e3b6f8f2f23b9c7b3dc72a9e29892decc" Authorization="Bea..." Content-Type="application/octet-stream" Cookie="ARRAffinity=4b281b4a9d9abb39450d23d8928bbaecc835ef9d48685f67465bb26c36f1b731;Path=/;HttpOnly;Secure;Domain=svs-stock-api.scm.azurewebsites.net; ARRAffinitySameSite=4b281b4a9d9abb39450d23d8928bbaecc835ef9d48685f67465bb26c36f1b731;Path=/;HttpOnly;SameSite=None;Secure;Domain=svs-stock-api.scm.azurewebsites.net" Transfer-Encoding="chunked" X-ARR-LOG-ID="592fc8d4-b82e-452d-addd-3c6614739654" CLIENT-IP="52.161.69.170:23616" X-SITE-DEPLOYMENT-ID="svs-stock-api" WAS-DEFAULT-HOSTNAME="svs-stock-api.scm.azurewebsites.net" X-Forwarded-Proto="https" X-AppService-Proto="https" X-Forwarded-TlsVersion="1.3" X-WAWS-Unencoded-URL="/api/publish?async=true&amp;deployer=GITHUB_ONE_DEPLOY&amp;type=zip&amp;message=%7B%22type%22%3A%22deployment%22%2C%22sha%22%3A%229d6381a698044b452769a434775e49527e93e267%22%2C%22repoName%22%3A%22autthapolsaiyat%2FStock-Management-System%22%2C%22actor%22%3A%22autthapolsaiyat%22%2C%22slotName%22%3A%22production%22%2C%22commitMessage%22%3A%22fix%3A%20TempProductModal%20UI%20improvements%20-%20better%20info%20banner%20styling%22%7D" X-Client-IP="52.161.69.170" X-Client-Port="23616" >
  <step title="OneDeploy" date="2025-12-15T21:52:04.322" >
    <step title="Starting PushDeployAsync" date="2025-12-15T21:52:04.379" /><!-- duration: 20ms -->
    <step title="Removing node_modules symlink" date="2025-12-15T21:52:04.452" >
      <step title="Writing artifact to /tmp/zipdeploy/c1baff68-9937-4540-8862-1bea9d9c7e4b.zip" date="2025-12-15T21:52:04.849" >
        <step title="Writing multipart request body to /tmp/zipdeploy/c1baff68-9937-4540-8862-1bea9d9c7e4b.zip" date="2025-12-15T21:52:04.869" /><!-- duration: 21ms -->
      </step><!-- duration: 2997ms -->
      <step title="Start deployment in the background" date="2025-12-15T21:52:07.866" >
        <step title="Acquiring Deployment Lock" date="2025-12-15T21:52:07.898" /><!-- duration: 8ms -->
        <step title="Acquired Deployment Lock" date="2025-12-15T21:52:07.940" /><!-- duration: 5ms -->
      </step><!-- duration: 201ms -->
    </step><!-- duration: 3622ms -->
    <step title="Outgoing response" date="2025-12-15T21:52:08.079" type="response" statusCode="202" statusText="Accepted" /><!-- duration: 4ms -->
  </step><!-- duration: 3765ms -->
