<step title="Incoming Request" date="2025-12-19T04:37:08.184" instance="93ba60" url="/api/publish?async=true&amp;deployer=GITHUB_ONE_DEPLOY&amp;type=zip&amp;message=%7B%22type%22%3A%22deployment%22%2C%22sha%22%3A%220b6f1f3e40a1702a8ded3afbc435345463dcc762%22%2C%22repoName%22%3A%22autthapolsaiyat%2FStock-Management-System%22%2C%22actor%22%3A%22autthapolsaiyat%22%2C%22slotName%22%3A%22production%22%2C%22commitMessage%22%3A%22fix%3A%20allow%20DRAFT%20quotations%20to%20be%20sent%20directly%22%7D" method="POST" type="request" pid="833,1,91" Host="svs-stock-api.scm.azurewebsites.net" User-Agent="GITHUBACTIONS_DeployWebAppToAzure_9c77270b4dc11c65de193eb13ad2e59e3b6f8f2f23b9c7b3dc72a9e29892decc" Authorization="Bea..." Content-Type="application/octet-stream" Cookie="ARRAffinity=93ba60693efd27c98d25ac695a6ef440c44ba4652104de2a3ed78f5e62ba7f13;Path=/;HttpOnly;Secure;Domain=svs-stock-api.scm.azurewebsites.net; ARRAffinitySameSite=93ba60693efd27c98d25ac695a6ef440c44ba4652104de2a3ed78f5e62ba7f13;Path=/;HttpOnly;SameSite=None;Secure;Domain=svs-stock-api.scm.azurewebsites.net" Transfer-Encoding="chunked" X-ARR-LOG-ID="fd115c36-7d4f-477c-8c06-f6c38c130b63" CLIENT-IP="172.214.45.193:24576" X-SITE-DEPLOYMENT-ID="svs-stock-api" WAS-DEFAULT-HOSTNAME="svs-stock-api.scm.azurewebsites.net" X-Forwarded-Proto="https" X-AppService-Proto="https" X-Forwarded-TlsVersion="1.3" X-WAWS-Unencoded-URL="/api/publish?async=true&amp;deployer=GITHUB_ONE_DEPLOY&amp;type=zip&amp;message=%7B%22type%22%3A%22deployment%22%2C%22sha%22%3A%220b6f1f3e40a1702a8ded3afbc435345463dcc762%22%2C%22repoName%22%3A%22autthapolsaiyat%2FStock-Management-System%22%2C%22actor%22%3A%22autthapolsaiyat%22%2C%22slotName%22%3A%22production%22%2C%22commitMessage%22%3A%22fix%3A%20allow%20DRAFT%20quotations%20to%20be%20sent%20directly%22%7D" X-Client-IP="172.214.45.193" X-Client-Port="24576" >
  <step title="OneDeploy" date="2025-12-19T04:37:08.505" >
    <step title="Starting PushDeployAsync" date="2025-12-19T04:37:08.602" /><!-- duration: 10ms -->
    <step title="Removing node_modules symlink" date="2025-12-19T04:37:08.629" >
      <step title="Writing artifact to /tmp/zipdeploy/6f2d446a-a4b6-4206-8f04-2aacd09be36b.zip" date="2025-12-19T04:37:08.865" >
        <step title="Writing multipart request body to /tmp/zipdeploy/6f2d446a-a4b6-4206-8f04-2aacd09be36b.zip" date="2025-12-19T04:37:08.870" /><!-- duration: 9ms -->
      </step><!-- duration: 3967ms -->
      <step title="Start deployment in the background" date="2025-12-19T04:37:12.880" >
        <step title="Acquiring Deployment Lock" date="2025-12-19T04:37:12.995" /><!-- duration: 9ms -->
        <step title="Acquired Deployment Lock" date="2025-12-19T04:37:13.183" /><!-- duration: 27ms -->
      </step><!-- duration: 887ms -->
    </step><!-- duration: 5183ms -->
    <step title="Outgoing response" date="2025-12-19T04:37:13.832" type="response" statusCode="202" statusText="Accepted" /><!-- duration: 24ms -->
  </step><!-- duration: 5364ms -->
