<step title="Incoming Request" date="2025-12-18T12:14:44.813" instance="93ba60" url="/api/publish?async=true&amp;deployer=GITHUB_ONE_DEPLOY&amp;type=zip&amp;message=%7B%22type%22%3A%22deployment%22%2C%22sha%22%3A%227e9e28ad2df7f5ccc526ac5b322f4809d02e665e%22%2C%22repoName%22%3A%22autthapolsaiyat%2FStock-Management-System%22%2C%22actor%22%3A%22autthapolsaiyat%22%2C%22slotName%22%3A%22production%22%2C%22commitMessage%22%3A%22feat%3A%20add%20contactPhone%20and%20contactEmail%20to%20quotation%22%7D" method="POST" type="request" pid="833,1,69" Host="svs-stock-api.scm.azurewebsites.net" User-Agent="GITHUBACTIONS_DeployWebAppToAzure_9c77270b4dc11c65de193eb13ad2e59e3b6f8f2f23b9c7b3dc72a9e29892decc" Authorization="Bea..." Content-Type="application/octet-stream" Cookie="ARRAffinity=93ba60693efd27c98d25ac695a6ef440c44ba4652104de2a3ed78f5e62ba7f13;Path=/;HttpOnly;Secure;Domain=svs-stock-api.scm.azurewebsites.net; ARRAffinitySameSite=93ba60693efd27c98d25ac695a6ef440c44ba4652104de2a3ed78f5e62ba7f13;Path=/;HttpOnly;SameSite=None;Secure;Domain=svs-stock-api.scm.azurewebsites.net" Transfer-Encoding="chunked" X-ARR-LOG-ID="aca62402-49d1-45a9-83b9-76b40611de4a" CLIENT-IP="135.232.200.34:21440" X-SITE-DEPLOYMENT-ID="svs-stock-api" WAS-DEFAULT-HOSTNAME="svs-stock-api.scm.azurewebsites.net" X-Forwarded-Proto="https" X-AppService-Proto="https" X-Forwarded-TlsVersion="1.3" X-WAWS-Unencoded-URL="/api/publish?async=true&amp;deployer=GITHUB_ONE_DEPLOY&amp;type=zip&amp;message=%7B%22type%22%3A%22deployment%22%2C%22sha%22%3A%227e9e28ad2df7f5ccc526ac5b322f4809d02e665e%22%2C%22repoName%22%3A%22autthapolsaiyat%2FStock-Management-System%22%2C%22actor%22%3A%22autthapolsaiyat%22%2C%22slotName%22%3A%22production%22%2C%22commitMessage%22%3A%22feat%3A%20add%20contactPhone%20and%20contactEmail%20to%20quotation%22%7D" X-Client-IP="135.232.200.34" X-Client-Port="21440" >
  <step title="OneDeploy" date="2025-12-18T12:14:45.089" >
    <step title="Starting PushDeployAsync" date="2025-12-18T12:14:45.160" /><!-- duration: 9ms -->
    <step title="Removing node_modules symlink" date="2025-12-18T12:14:45.211" >
      <step title="Writing artifact to /tmp/zipdeploy/03f2ab4e-5c83-4fa8-ac8d-e641912f3656.zip" date="2025-12-18T12:14:45.702" >
        <step title="Writing multipart request body to /tmp/zipdeploy/03f2ab4e-5c83-4fa8-ac8d-e641912f3656.zip" date="2025-12-18T12:14:45.750" /><!-- duration: 11ms -->
      </step><!-- duration: 3017ms -->
      <step title="Start deployment in the background" date="2025-12-18T12:14:48.781" >
        <step title="Acquiring Deployment Lock" date="2025-12-18T12:14:48.971" /><!-- duration: 11ms -->
        <step title="Acquired Deployment Lock" date="2025-12-18T12:14:49.128" /><!-- duration: 6ms -->
      </step><!-- duration: 582ms -->
    </step><!-- duration: 4213ms -->
    <step title="Outgoing response" date="2025-12-18T12:14:49.438" type="response" statusCode="202" statusText="Accepted" /><!-- duration: 5ms -->
  </step><!-- duration: 4362ms -->
