<step title="Incoming Request" date="2025-12-17T22:17:31.157" instance="93ba60" url="/api/deployments/latest?deployer=OneDeploy&amp;time=2025-12-17_22-16-10Z" method="GET" type="request" pid="833,1,16" Host="svs-stock-api.scm.azurewebsites.net" User-Agent="GITHUBACTIONS_DeployWebAppToAzure_9c77270b4dc11c65de193eb13ad2e59e3b6f8f2f23b9c7b3dc72a9e29892decc" Authorization="Bea..." Content-Type="application/json; charset=utf-8" Cookie="ARRAffinity=93ba60693efd27c98d25ac695a6ef440c44ba4652104de2a3ed78f5e62ba7f13;Path=/;HttpOnly;Secure;Domain=svs-stock-api.scm.azurewebsites.net; ARRAffinitySameSite=93ba60693efd27c98d25ac695a6ef440c44ba4652104de2a3ed78f5e62ba7f13;Path=/;HttpOnly;SameSite=None;Secure;Domain=svs-stock-api.scm.azurewebsites.net" Content-Length="0" X-ARR-LOG-ID="855cdd62-c3c1-444e-a99c-be41eb703c4a" CLIENT-IP="52.173.219.151:38912" X-SITE-DEPLOYMENT-ID="svs-stock-api" WAS-DEFAULT-HOSTNAME="svs-stock-api.scm.azurewebsites.net" X-Forwarded-Proto="https" X-AppService-Proto="https" X-Forwarded-TlsVersion="1.3" X-WAWS-Unencoded-URL="/api/deployments/latest?deployer=OneDeploy&amp;time=2025-12-17_22-16-10Z" X-Client-IP="52.173.219.151" X-Client-Port="38912" >
  <step title="Cleanup Xml Logs" date="2025-12-17T22:17:31.170" >
    <step title="Cleanup Infos" date="2025-12-17T22:17:31.234" totalFiles="294" totalCleanup="134" /><!-- duration: 31ms -->
  </step><!-- duration: 112ms -->
  <step title="DeploymentService.GetResult" date="2025-12-17T22:17:31.344" >
    <step title="DeploymentService.GetLatestDeployment" date="2025-12-17T22:17:31.357" >
      <step title="DeploymentManager.GetResults" date="2025-12-17T22:17:31.375" /><!-- duration: 2013ms -->
    </step><!-- duration: 2117ms -->
  </step><!-- duration: 2151ms -->
  <step title="Outgoing response" date="2025-12-17T22:17:33.551" type="response" statusCode="202" statusText="Accepted" /><!-- duration: 36ms -->
</step><!-- duration: 2456ms -->
