<step title="Incoming Request" date="2025-12-15T12:37:17.815" instance="4b281b" url="/api/zipdeploy?isAsync=true" method="POST" type="request" pid="831,1,23" Accept="*/*" Host="svs-stock-api.scm.azurewebsites.net" User-Agent="AZURECLI/2.78.0 (HOMEBREW)" Accept-Encoding="gzip, deflate" Authorization="Bea..." Cache-Control="no-cache" Content-Type="application/octet-stream" Content-Length="50388733" x-ms-client-request-id="c785f912-d9b2-11f0-80bd-c6eea053c943" x-ms-artifact-checksum="94ec9e1214e9fcb35e0b763d285f0c26417ec328a125097cc93f7f02f313eebf" X-ARR-LOG-ID="c785f912-d9b2-11f0-80bd-c6eea053c943" CLIENT-IP="184.22.101.158:59580" X-SITE-DEPLOYMENT-ID="svs-stock-api" WAS-DEFAULT-HOSTNAME="svs-stock-api.scm.azurewebsites.net" X-Forwarded-Proto="https" X-AppService-Proto="https" X-Forwarded-TlsVersion="1.3" X-WAWS-Unencoded-URL="/api/zipdeploy?isAsync=true" X-Client-IP="184.22.101.158" X-Client-Port="59580" >
  <step title="Cleanup Xml Logs" date="2025-12-15T12:37:17.836" /><!-- duration: 38ms -->
  <step title="ZipPushDeploy" date="2025-12-15T12:37:18.067" >
    <step title="ZipDeploy. Extract zip." date="2025-12-15T12:37:18.135" /><!-- duration: 11ms -->
    <step title="Starting PushDeployAsync" date="2025-12-15T12:37:18.266" /><!-- duration: 39ms -->
    <step title="Removing node_modules symlink" date="2025-12-15T12:37:18.445" >
      <step title="Writing artifact to /tmp/zipdeploy/eaa2d5a6-2df0-4cac-9bb0-54e09f24ad01.zip" date="2025-12-15T12:37:18.726" >
        <step title="Writing multipart request body to /tmp/zipdeploy/eaa2d5a6-2df0-4cac-9bb0-54e09f24ad01.zip" date="2025-12-15T12:37:18.748" /><!-- duration: 19ms -->
      </step><!-- duration: 5804ms -->
      <step title="Removing previous build artifact&apos;s manifest file" date="2025-12-15T12:37:24.570" >
        <step title="Start deployment in the background" date="2025-12-15T12:37:24.678" >
          <step title="Acquiring Deployment Lock" date="2025-12-15T12:37:24.890" /><!-- duration: 13ms -->
          <step title="Acquired Deployment Lock" date="2025-12-15T12:37:24.969" /><!-- duration: 5ms -->
        </step><!-- duration: 377ms -->
      </step><!-- duration: 492ms -->
      <step title="Outgoing response" date="2025-12-15T12:37:25.071" type="response" statusCode="202" statusText="Accepted" /><!-- duration: 5ms -->
    </step><!-- duration: 6639ms -->
