<step title="Incoming Request" date="2025-12-18T21:47:03.427" instance="93ba60" url="/api/deployments/latest?deployer=OneDeploy&amp;time=2025-12-18_21-45-49Z" method="GET" type="request" pid="833,1,90" Host="svs-stock-api.scm.azurewebsites.net" User-Agent="GITHUBACTIONS_DeployWebAppToAzure_9c77270b4dc11c65de193eb13ad2e59e3b6f8f2f23b9c7b3dc72a9e29892decc" Authorization="Bea..." Content-Type="application/json; charset=utf-8" Cookie="ARRAffinity=93ba60693efd27c98d25ac695a6ef440c44ba4652104de2a3ed78f5e62ba7f13;Path=/;HttpOnly;Secure;Domain=svs-stock-api.scm.azurewebsites.net; ARRAffinitySameSite=93ba60693efd27c98d25ac695a6ef440c44ba4652104de2a3ed78f5e62ba7f13;Path=/;HttpOnly;SameSite=None;Secure;Domain=svs-stock-api.scm.azurewebsites.net" Content-Length="0" X-ARR-LOG-ID="0f200af6-7900-4b98-9bfe-705de25fcd8a" CLIENT-IP="52.173.178.218:1024" X-SITE-DEPLOYMENT-ID="svs-stock-api" WAS-DEFAULT-HOSTNAME="svs-stock-api.scm.azurewebsites.net" X-Forwarded-Proto="https" X-AppService-Proto="https" X-Forwarded-TlsVersion="1.3" X-WAWS-Unencoded-URL="/api/deployments/latest?deployer=OneDeploy&amp;time=2025-12-18_21-45-49Z" X-Client-IP="52.173.178.218" X-Client-Port="1024" >
  <step title="Cleanup Xml Logs" date="2025-12-18T21:47:03.444" >
    <step title="Cleanup Infos" date="2025-12-18T21:47:03.531" totalFiles="351" totalCleanup="191" /><!-- duration: 27ms -->
  </step><!-- duration: 134ms -->
  <step title="DeploymentService.GetResult" date="2025-12-18T21:47:03.657" >
    <step title="DeploymentService.GetLatestDeployment" date="2025-12-18T21:47:03.697" >
      <step title="DeploymentManager.GetResults" date="2025-12-18T21:47:03.738" /><!-- duration: 1249ms -->
    </step><!-- duration: 1307ms -->
  </step><!-- duration: 1357ms -->
  <step title="Outgoing response" date="2025-12-18T21:47:05.026" type="response" statusCode="202" statusText="Accepted" /><!-- duration: 11ms -->
</step><!-- duration: 1627ms -->
