<step title="Incoming Request" date="2025-12-19T06:15:05.321" instance="93ba60" url="/api/deployments/latest?deployer=OneDeploy&amp;time=2025-12-19_06-14-11Z" method="GET" type="request" pid="833,1,87" Host="svs-stock-api.scm.azurewebsites.net" User-Agent="GITHUBACTIONS_DeployWebAppToAzure_9c77270b4dc11c65de193eb13ad2e59e3b6f8f2f23b9c7b3dc72a9e29892decc" Authorization="Bea..." Content-Type="application/json; charset=utf-8" Cookie="ARRAffinity=93ba60693efd27c98d25ac695a6ef440c44ba4652104de2a3ed78f5e62ba7f13;Path=/;HttpOnly;Secure;Domain=svs-stock-api.scm.azurewebsites.net; ARRAffinitySameSite=93ba60693efd27c98d25ac695a6ef440c44ba4652104de2a3ed78f5e62ba7f13;Path=/;HttpOnly;SameSite=None;Secure;Domain=svs-stock-api.scm.azurewebsites.net" Content-Length="0" X-ARR-LOG-ID="8385874f-7e81-4029-bbb6-2b831bde67ac" CLIENT-IP="64.236.143.35:42001" X-SITE-DEPLOYMENT-ID="svs-stock-api" WAS-DEFAULT-HOSTNAME="svs-stock-api.scm.azurewebsites.net" X-Forwarded-Proto="https" X-AppService-Proto="https" X-Forwarded-TlsVersion="1.3" X-WAWS-Unencoded-URL="/api/deployments/latest?deployer=OneDeploy&amp;time=2025-12-19_06-14-11Z" X-Client-IP="64.236.143.35" X-Client-Port="42001" >
  <step title="Cleanup Xml Logs" date="2025-12-19T06:15:05.333" >
    <step title="Cleanup Infos" date="2025-12-19T06:15:05.389" totalFiles="443" totalCleanup="283" /><!-- duration: 18ms -->
  </step><!-- duration: 87ms -->
  <step title="DeploymentService.GetResult" date="2025-12-19T06:15:05.445" >
    <step title="DeploymentService.GetLatestDeployment" date="2025-12-19T06:15:05.456" >
      <step title="DeploymentManager.GetResults" date="2025-12-19T06:15:05.494" /><!-- duration: 1218ms -->
    </step><!-- duration: 1293ms -->
  </step><!-- duration: 1312ms -->
  <step title="Outgoing response" date="2025-12-19T06:15:06.786" type="response" statusCode="202" statusText="Accepted" /><!-- duration: 11ms -->
</step><!-- duration: 1543ms -->
