﻿<?xml version="1.0" encoding="utf-8"?>
<deployment>
  <id>085d36cd-842d-4e59-be69-ad7c2dfdce1e</id>
  <author>N/A</author>
  <deployer>OneDeploy</deployer>
  <authorEmail>N/A</authorEmail>
  <message>OneDeploy</message>
  <progress></progress>
  <status>Success</status>
  <statusText></statusText>
  <lastSuccessEndTime>2025-12-22T11:44:01.6605674Z</lastSuccessEndTime>
  <receivedTime>2025-12-22T11:42:57.3273089Z</receivedTime>
  <startTime>2025-12-22T11:42:58.7751211Z</startTime>
  <endTime>2025-12-22T11:44:01.6605674Z</endTime>
  <complete>True</complete>
  <is_temp>False</is_temp>
  <is_readonly>True</is_readonly>
  <buildSummary />
</deployment>