﻿<?xml version="1.0" encoding="utf-8"?>
<deployment>
  <id>7d52541c-7007-4bf8-a5ed-a7dfa7cfbeb4</id>
  <author>N/A</author>
  <deployer>OneDeploy</deployer>
  <authorEmail>N/A</authorEmail>
  <message>OneDeploy</message>
  <progress></progress>
  <status>Success</status>
  <statusText></statusText>
  <lastSuccessEndTime>2025-12-23T07:09:26.0562303Z</lastSuccessEndTime>
  <receivedTime>2025-12-23T07:08:27.8188261Z</receivedTime>
  <startTime>2025-12-23T07:08:29.224497Z</startTime>
  <endTime>2025-12-23T07:09:26.0562303Z</endTime>
  <complete>True</complete>
  <is_temp>False</is_temp>
  <is_readonly>True</is_readonly>
  <buildSummary />
</deployment>