﻿<?xml version="1.0" encoding="utf-8"?>
<deployment>
  <id>23a207b7-b655-45de-9df2-464b6a0846ed</id>
  <author>N/A</author>
  <deployer>OneDeploy</deployer>
  <authorEmail>N/A</authorEmail>
  <message>OneDeploy</message>
  <progress></progress>
  <status>Success</status>
  <statusText></statusText>
  <lastSuccessEndTime>2025-12-22T14:08:43.9898296Z</lastSuccessEndTime>
  <receivedTime>2025-12-22T14:07:42.1196367Z</receivedTime>
  <startTime>2025-12-22T14:07:43.7074909Z</startTime>
  <endTime>2025-12-22T14:08:43.9898296Z</endTime>
  <complete>True</complete>
  <is_temp>False</is_temp>
  <is_readonly>True</is_readonly>
  <buildSummary />
</deployment>